date,tavg,tmin,tmax,prcp,snow,wdir,wspd,wpgt,pres,tsun
2018-01-01,28.5,25.4,31.6,0,,92,20.2,,1009.7,
2018-01-02,27.8,26,30.5,0,,101,30.5,,1008.2,
2018-01-03,27.1,24,29.9,11.9,,,,,,
2018-01-04,25.7,23.6,28.2,94,,66,25.6,,1009.8,
2018-01-05,25.4,23,28,109,,68,20.4,,1010.7,
2018-01-06,26.4,23.8,28.6,7.9,,46,19.8,,1010.3,
2018-01-07,27.2,23.9,30.2,6.1,,40,23.9,,1009.2,
2018-01-08,26.1,24,29.2,39.1,,37,21.9,,1009.1,
2018-01-09,25.9,23.9,28.7,43.9,,29,16.8,,1009.1,
2018-01-10,25.4,23.5,30,23.9,,26,10.1,,,
2018-01-11,27.2,23.3,30.2,37.1,,,,,,
2018-01-12,27.8,24.3,30,5.1,,,12,,1011.6,
2018-01-13,26.9,24.2,28.6,5.1,,,,,,
2018-01-14,28,24.6,30.1,23.9,,145,24.5,,1008.3,
2018-01-15,27.6,25.5,30,0,,149,27.6,,1009.7,
2018-01-16,27.1,24.1,29.1,2,,163,32.3,,1007.8,
2018-01-17,26.2,24,28,2,,,,,,
2018-01-18,27.2,23.9,30.6,110,,19,38.3,,992,
2018-01-19,28.2,26,32.3,2,,,17.1,,,
2018-01-20,26.4,23.9,30.4,0,,,5.8,,1010.4,
2018-01-21,27.1,22.9,30,10.9,,,7.2,,1009.9,
2018-01-22,27.4,23.2,30,1,,,7.1,,1008.9,
2018-01-23,27.6,25.5,30,1,,,8.3,,,
2018-01-24,27.6,25,30,0,,,9.3,,1008,
2018-01-25,27.1,24.5,29.5,106.9,,,16,,1009.2,
2018-01-26,27.6,23.6,30.5,0,,56,12.9,,1011.2,
2018-01-27,27.8,25.4,30,0.5,,94,14.4,,1012.2,
2018-01-28,27.6,24.4,30.2,0.3,,88,13.8,,1011.8,
2018-01-29,27.9,24.6,30.5,0,,46,13.7,,1012.2,
2018-01-30,28.1,24.6,30.4,0,,,15.8,,1013.4,
2018-01-31,28.1,24.8,31.1,0,,,14,,,
2018-02-01,27.6,24.4,30.6,0,,,10,,1015.1,
2018-02-02,27.9,24.7,30.2,15,,,12.6,,1013.6,
2018-02-03,27.6,24.5,30.1,0,,,7.8,,1012.3,
2018-02-04,26.9,23.1,30.7,0,,,8.6,,1010.1,
2018-02-05,25.3,23,28.4,0,,,9.7,,1010.4,
2018-02-06,25.1,22.2,28.9,40.9,,,7.7,,1010.5,
2018-02-07,24.6,22.4,28,37.1,,,7.2,,1011.5,
2018-02-08,25.9,22.5,28.4,32,,,7.4,,1011.4,
2018-02-09,26.4,24,29.7,2,,,6.3,,1011.1,
2018-02-10,26.4,24.2,30.4,39.9,,,6.5,,,
2018-02-11,27,23.9,31,55.1,,,6.6,,1014,
2018-02-12,27,,,42.9,,,,,,
2018-02-13,28.4,25,32,0,,,6.8,,1014.2,
2018-02-14,28.1,24.5,31.1,7.1,,,7.6,,1013.9,
2018-02-15,27.3,24.8,,0.3,,,,,,
2018-02-16,27.8,24,30.3,9.9,,,10.3,,1016.5,
2018-02-17,28,,30.5,6.1,,,,,,
2018-02-18,27.7,24.4,30.5,0.5,,,10,,,
2018-02-19,26.5,24,30.1,7.1,,,8.4,,1012.1,
2018-02-20,26.4,23.1,30,1,,,4.5,,1011.2,
2018-02-21,26.8,22.5,30.6,10.9,,,7,,1011,
2018-02-22,26.5,24,31.2,0.3,,,10.8,,1010.5,
2018-02-23,25.8,24,30,2,,,10,,1010.4,
2018-02-24,26.7,23.2,30.3,7.1,,,6,,1012.3,
2018-02-25,27.4,23.5,30.3,23.9,,,,,,
2018-02-26,27.6,24.4,30.4,11.9,,,,,,
2018-02-27,28.1,25.1,31,4.1,,,,,,
2018-02-28,28.2,25.3,30.5,0.8,,81,16.8,,1011.8,
2018-03-01,27.4,25.1,30.4,5.1,,53,14.8,,1011.2,
2018-03-02,27.7,25.3,30.5,4.1,,66,19.5,,1011.3,
2018-03-03,27.4,24.4,30.6,3,,,,,,
2018-03-04,26.5,23.9,29,8.9,,53,23.5,,1010.3,
2018-03-05,27.3,23.2,29.2,40.9,,35,24.9,,1008.5,
2018-03-06,27.4,24.8,30,52.1,,345,25.6,,1004.4,
2018-03-07,28.2,26,32,13,,315,17.9,,1003,
2018-03-08,26.6,23.5,30.4,5.1,,,12.3,,1005.8,
2018-03-09,26.1,23,30,0,,,10.5,,1008.2,
2018-03-10,26.8,21.6,29.2,0,,,11.3,,1011.2,
2018-03-11,28.4,24.9,31.5,0.5,,,,,,
2018-03-12,28.6,26.4,31.6,0.3,,106,27.4,,1014.3,
2018-03-13,28.1,27,31.4,0,,108,27.3,,1013.9,
2018-03-14,27.9,25,31,1,,93,33.3,,1012.7,
2018-03-15,27.9,25.7,31.1,2,,,,,,
2018-03-16,27.8,25.7,29.6,0,,85,27.9,,1013.3,
2018-03-17,27.3,25.6,29.6,0,,79,22.1,,1011.4,
2018-03-18,27.4,24.2,29.8,7.1,,54,24.3,,1009.5,
2018-03-19,27.3,25.5,30.6,1,,33,17.6,,,
2018-03-20,28,24.5,31.3,23.1,,,11.7,,,
2018-03-21,28.1,25.1,31,0,,,6.2,,,
2018-03-22,27.4,25.5,29.6,0,,,10.3,,,
2018-03-23,27.6,25,30,2,,134,14.7,,1013.3,
2018-03-24,27.4,24.8,30,1,,,9.8,,1013.5,
2018-03-25,27.3,24.1,30,43.9,,,14.3,,,
2018-03-26,25.6,23.2,28.2,0.3,,,,,,
2018-03-27,26.2,22.8,29.2,0,,,6.5,,1012.6,
2018-03-28,25.8,21.5,30.2,0,,,6.6,,,
2018-03-29,26.6,23,30,1,,,7.6,,1013.6,
2018-03-30,27.6,24.6,30,2,,116,13,,,
2018-03-31,27.6,24.9,30.5,5.1,,96,17.5,,1013.4,
2018-04-01,28.1,26.2,30.8,7.9,,78,17.3,,1013.9,
2018-04-02,28,26,30.6,0,,91,13.4,,1014.2,
2018-04-03,27.7,24.7,30.4,1,,114,11.8,,,
2018-04-04,25.9,24,29.3,5.1,,110,14.8,,1013.9,
2018-04-05,24.2,21.7,26,62,,,11.8,,1013.5,
2018-04-06,25.6,22.5,29,14,,86,15.9,,1014.5,
2018-04-07,26.8,23,29.7,14,,107,23.7,,,
2018-04-08,26.7,24,29.3,1,,115,17.1,,1015.2,
2018-04-09,25.9,24,29.1,0,,,8.7,,,
2018-04-10,24.9,21.4,29.3,0,,,8.8,,,
2018-04-11,25.4,21.1,30,7.1,,,10.3,,1012.7,
2018-04-12,26.1,21,29.9,7.1,,,7.9,,1014.2,
2018-04-13,26.6,24,29.4,0.3,,173,17.3,,1017.1,
2018-04-14,25.4,23,27.2,13,,140,25.6,,1017.8,
2018-04-15,26.4,22.9,28.8,2,,109,21.9,,1016.3,
2018-04-16,26,24,28.6,0.8,,,11,,1014.2,
2018-04-17,25.6,22.3,29.5,2,,,,,,
2018-04-18,26.9,24.2,29,2,,139,18.3,,1014.9,
2018-04-19,27.6,25.3,30,2,,83,16.7,,1014.6,
2018-04-20,27.2,25,30,0,,49,13.4,,1014.8,
2018-04-21,26.3,23.5,29.1,23.1,,53,18.8,,1015.5,
2018-04-22,26.8,23.6,29.5,2,,68,20.7,,1014.4,
2018-04-23,26.3,,29,0.8,,,,,,
2018-04-24,25.8,24,29,68.1,,5,26.8,,1008.4,
2018-04-25,25.6,22.9,28.2,5.1,,227,11.6,,1011.7,
2018-04-26,25.6,23.2,28,0.5,,188,19.9,,1013.5,
2018-04-27,25.4,24,27.5,0.5,,154,21.3,,1016.2,
2018-04-28,25.3,23.4,27,0.8,,128,15.8,,1018.7,
2018-04-29,25.8,23,28.4,0,,120,19.8,,1019.3,
2018-04-30,25.8,21.5,28.3,5.1,,119,21.6,,1019.3,
2018-05-01,25.7,24,28.2,0,,131,21,,1020,
2018-05-02,25.4,22,27.5,1,,117,22.2,,,
2018-05-03,25.7,23.2,28,0,,115,18.4,,,
2018-05-04,24.8,22,28,0,,118,13.9,,,
2018-05-05,24.5,20,28.5,4.1,,34,14,,,
2018-05-06,25.2,19.5,28.8,0.5,,,13.7,,,
2018-05-07,24.9,20.2,28.9,0,,,,,,
2018-05-08,25.4,22.4,28,0,,,,,,
2018-05-09,25.7,23,28.3,0,,102,13.9,,1017.5,
2018-05-10,25.6,24,28.6,0,,87,14.9,,1017.7,
2018-05-11,24.8,20.9,,0,,,,,,
2018-05-12,24.8,20.7,28.4,0,,,5.4,,1016.4,
2018-05-13,24.7,21.5,27.2,0,,133,8.8,,1016.6,
2018-05-14,24.6,23,27.9,0,,,7.6,,1015.9,
2018-05-15,25.1,20.3,29.4,0,,0,11.2,,1014.2,
2018-05-16,24.2,20,28.5,0,,,9.2,,1014.1,
2018-05-17,24.8,19.9,28,0,,,11.9,,1015.2,
2018-05-18,25.5,23,27.5,0,,122,14.9,,1015.4,
2018-05-19,25.1,23,28,0,,140,14.4,,,
2018-05-20,23.7,21.2,26.3,0,,125,19.2,,1016.6,
2018-05-21,24.3,20.1,27.4,25.9,,92,18.2,,,
2018-05-22,25.1,22.3,27.4,1,,122,23.3,,,
2018-05-23,24.2,21.8,26,2,,112,24.9,,1021.4,
2018-05-24,24.4,22,26.6,4.1,,115,22.2,,,
2018-05-25,24.6,21.4,27.3,4.1,,,,,,
2018-05-26,25.2,21.8,28.4,0.5,,90,18.8,,,
2018-05-27,24.6,22,28.1,0,,,13.2,,1018.7,
2018-05-28,22.6,19.2,27.1,0,,,,,,
2018-05-29,22.9,18.9,27,0,,,7.9,,1017.2,
2018-05-30,23.1,17.7,27,0,,147,7.4,,1017.6,
2018-05-31,23.4,19.6,26,0,,,10.6,,1017.9,
2018-06-01,21.8,18.6,25,0,,,8.9,,1017.4,
2018-06-02,23.8,19.8,26.5,5.1,,137,13.9,,1018,
2018-06-03,24.2,,,0,,,,,,
2018-06-04,23.4,20.4,27,3,,,18.7,,1015.5,
2018-06-05,24.2,20.7,27.4,4.1,,63,20.7,,1014.8,
2018-06-06,25.2,21.6,28,0.8,,,,,,
2018-06-07,25.7,22.5,29,0,,44,20.8,,1019.6,
2018-06-08,23.8,20,28.8,0,,,14.9,,1020,
2018-06-09,22.2,18,26.8,0,,359,9.3,,1019.5,
2018-06-10,24.2,19.5,28,0,,,11.1,,1020.6,
2018-06-11,24.4,22.8,27,0,,113,12.9,,1021.9,
2018-06-12,24,20,26.7,8.9,,87,13.8,,1021.2,
2018-06-13,24.1,,,0,,,,,,
2018-06-14,23.4,20.6,25.7,4.1,,127,21.9,,1020.6,
2018-06-15,23.9,20.5,25.6,3,,119,24.1,,1021.5,
2018-06-16,24.1,21,26.7,2,,102,22.7,,1021.3,
2018-06-17,24.6,22,27.7,0,,,12.4,,1019.9,
2018-06-18,23.3,21,27,7.1,,,7.8,,1019.4,
2018-06-19,22.4,18,26,0,,,8.7,,1019.5,
2018-06-20,22.9,17.5,26.3,0,,,7,,1020.3,
2018-06-21,23.5,20.8,26.1,2,,,6.8,,1020.1,
2018-06-22,23.6,21,26.5,0.5,,,12.1,,1019.1,
2018-06-23,22.1,18.9,26,0,,,11.6,,1019,
2018-06-24,23.4,19.3,25.4,3,,125,17.9,,1019.8,
2018-06-25,23.1,20.3,25.4,0.8,,122,20.5,,1020.8,
2018-06-26,22,20,23.2,1,,139,22.7,,1021.2,
2018-06-27,22.8,19,25,3,,144,20.9,,1020.3,
2018-06-28,21.9,17.9,24.5,0,,,15.4,,,
2018-06-29,22.2,19.8,25.4,0.8,,158,13,,1017.1,
2018-06-30,21.9,19,25.5,4.1,,113,12.8,,1017.6,
2018-07-01,22.4,17.1,25,2,,,14,,1019.2,
2018-07-02,22.1,18.5,26,10.9,,97,17.7,,,
2018-07-03,23.4,19.6,26,7.9,,,19.2,,1021.7,
2018-07-04,24,20.5,26.2,19.1,,108,29.1,,1023.7,
2018-07-05,23.7,21.3,26.2,1,,,,,,
2018-07-06,23.8,20.7,26.5,1,,126,18.5,,1023.2,
2018-07-07,22.8,19.2,25.3,5.1,,,21.6,,1023.1,
2018-07-08,22.3,19.4,23.5,5.1,,139,19.3,,1021.9,
2018-07-09,22.7,20.7,,0,,,,,,
2018-07-10,23,20.8,25.1,0,,126,22,,1023.8,
2018-07-11,22.5,,25,0,,,,,,
2018-07-12,22.6,19.3,25.1,2,,125,15.1,,,
2018-07-13,22.1,19.6,25.4,8.9,,152,22.9,,1021.9,
2018-07-14,22.2,21,25,0.8,,167,19.4,,1020.7,
2018-07-15,21.1,16.5,25.3,0,,,7.9,,1018.8,
2018-07-16,21.6,16.5,25.5,0.5,,,11.1,,1018,
2018-07-17,21.8,19.5,24.8,5.1,,197,18.2,,1018.7,
2018-07-18,21.6,18.6,23.5,7.1,,175,22.4,,1020.4,
2018-07-19,21,19,22,0.3,,141,25.3,,1022.5,
2018-07-20,22.1,18.4,24.5,3,,118,24.2,,1024.5,
2018-07-21,21.3,18.6,24,2,,107,22.6,42.6,1024.8,
2018-07-22,22.2,18.9,25,4.1,,109,21.8,40.8,1023.4,
2018-07-23,22.2,18.8,25,5.1,,142,24,51.8,1022.6,
2018-07-24,22.8,19.4,24.5,8.9,,117,29.3,57.4,1024.1,
2018-07-25,22.9,21.4,25.1,0,,112,22.7,40.8,1023.6,
2018-07-26,22.6,21,25.3,0,,112,18.7,37,1022.8,
2018-07-27,22.4,19.8,25,0,,134,14.9,31.5,1022.4,
2018-07-28,22.1,20.8,24.8,0,,123,15.5,35.2,1021.8,
2018-07-29,21.4,16.6,25.3,0,,108,10.5,29.6,1021,
2018-07-30,21.3,17.9,25.8,0,,34,12.9,31.5,1019.9,
2018-07-31,22.1,17.6,26.5,0.3,,5,11.1,31.5,1018.3,
2018-08-01,22.3,18.7,26.5,0,,353,7.9,24.1,1018.4,
2018-08-02,22.4,18.8,27,0,,8,13.5,29.6,1019.4,
2018-08-03,22.7,18.1,27.5,0,,342,9.2,25.9,1019.1,
2018-08-04,23.1,17.9,28,0,,249,11.9,31.5,1020.6,
2018-08-05,22.8,20,26,0,,147,13.3,31.5,1023.7,
2018-08-06,22.7,18.4,26.6,0,,98,15.8,31.5,1023.5,
2018-08-07,22.8,19.6,26,0,,94,15.6,29.6,1021.9,
2018-08-08,22.7,20,26.1,0,,81,8,25.9,1020.7,
2018-08-09,21.9,17.5,26.7,0,,37,7,24.1,1022.4,
2018-08-10,23.1,17.7,26.5,0,,147,13.8,35.2,1025.2,
2018-08-11,22.8,21.2,25.4,0,,127,24.4,42.6,1027.1,
2018-08-12,22.6,21.6,25.4,0,,114,26.1,46.3,1026.8,
2018-08-13,23.2,20.6,25.2,0,,115,23,42.6,1026.5,
2018-08-14,23.4,21,26.4,0,,112,23.2,40.8,1025.9,
2018-08-15,22.8,20.4,25.6,0.3,,122,23.8,40.8,1026.3,
2018-08-16,23.2,21.6,26.5,0.3,,112,26.5,44.5,1025.3,
2018-08-17,22.9,19.9,25.8,0.5,,115,24.6,42.6,1024.4,
2018-08-18,23.2,21.3,26,0,,116,24,40.8,1023.9,
2018-08-19,22.9,21,25.8,0,,125,24.9,40.8,1023.8,
2018-08-20,22.8,19.4,26,4.1,,109,24.2,44.5,1023.7,
2018-08-21,23.2,19.8,26.5,3,,95,23.8,38.9,1023.5,
2018-08-22,23.4,21,26.6,0,,109,16.9,33.3,1022.7,
2018-08-23,22,17,25.4,0,,99,14.5,35.2,1022.3,
2018-08-24,22.9,19.1,26.2,5.1,,101,19.5,38.9,1022.8,
2018-08-25,22.7,19.5,25,3,,119,21.4,38.9,1022.7,
2018-08-26,22.8,20.6,26.5,0,,107,21.5,37,1021.2,
2018-08-27,23.1,20.6,26.5,1,,95,23.6,40.8,1021.2,
2018-08-28,22.6,20.6,26.3,0,,94,25.2,40.8,1021.5,
2018-08-29,22.1,20.6,26,2,,106,16.9,35.2,1020.5,
2018-08-30,21.5,14.7,25.3,0,,141,13.5,35.2,1020.4,
2018-08-31,22.4,19.2,25.6,0.3,,126,17.6,37,1020.6,
2018-09-01,22.8,19.2,25,6.1,,124,19.3,38.9,1021.8,
2018-09-02,22.8,21.8,25.7,0.3,,122,21.2,38.9,1021.6,
2018-09-03,21.2,19.4,22.7,4.1,,110,21.4,42.6,1021.4,
2018-09-04,23,19.3,26.5,42.9,,90,22.6,40.8,1023.5,
2018-09-05,22.9,19.8,25,3,,110,25.8,44.5,1024.6,
2018-09-06,23.8,21.5,26,0.3,,110,25.4,44.5,1024.1,
2018-09-07,22.7,21,25.3,5.1,,93,27.3,46.3,1023.4,
2018-09-08,22.9,20.8,25.3,3,,115,22.7,42.6,1023,
2018-09-09,22.7,20.6,26,0.5,,112,24.8,42.6,1022.6,
2018-09-10,22.9,21,26.8,0,,79,21.8,40.8,1021.7,
2018-09-11,21.6,18.4,25,0,,56,13.7,35.2,1021.1,
2018-09-12,22.9,19.2,26.6,0,,25,11.8,31.5,1019.8,
2018-09-13,22.4,18.2,25.8,1,,78,9.2,27.8,1019.6,
2018-09-14,23.3,20.3,26.5,0,,108,17.1,33.3,1020.1,
2018-09-15,23.2,19.4,26,1,,121,17.2,33.3,1019.6,
2018-09-16,23.6,21.4,26,0.3,,128,11.6,27.8,1018.2,
2018-09-17,23.3,20,26,,,133,10.7,31.5,1019,
2018-09-18,23.7,22,26.5,,,128,17,35.2,1021.3,
2018-09-19,24,21.5,26.5,0,,115,20.2,37,1022.7,
2018-09-20,23.2,22,26.4,0,,120,21,37,1022.1,
2018-09-21,23.7,19.6,27,0,,108,14.6,35.2,1021.4,
2018-09-22,24.2,20.9,27.5,1,,88,20.5,38.9,1021,
2018-09-23,24.3,21.7,27.3,0,,102,22.5,38.9,1022.2,
2018-09-24,24.3,21.2,27.5,0,,89,22.6,38.9,1022.8,
2018-09-25,24.2,21.4,27.5,0,,88,19,35.2,1022.8,
2018-09-26,23.9,21.1,27,0,,111,20.3,37,1023.1,
2018-09-27,23.8,21.4,27.3,0,,115,19.5,40.8,1022.2,
2018-09-28,23,21.7,25.4,0.3,,124,20.5,53.7,1021.3,
2018-09-29,23.1,20.9,26.5,0,,117,18,50,1020.3,
2018-09-30,23,20,26.5,7.1,,86,15.4,44.5,1019.2,
2018-10-01,23,18.3,27.2,0,,136,10,38.9,1018.9,
2018-10-02,23.2,19.9,26.1,0,,159,18,42.6,1019.5,
2018-10-03,22.1,20,26,0,,149,12.2,38.9,1020,
2018-10-04,22.4,15.2,26,0,,97,14.7,44.5,1019.9,
2018-10-05,24,21.3,26.5,0,,120,11.9,44.5,1019.3,
2018-10-06,23.5,22,26.8,0,,144,9.9,38.9,1017.3,
2018-10-07,23.6,19.6,27.8,0,,36,16.2,31.5,1016.5,
2018-10-08,23.8,19,27,0.3,,97,13.4,40.8,1017.6,
2018-10-09,23.9,21.7,26.4,1,,125,21.4,55.5,1018.6,
2018-10-10,23.9,20.4,27,1,,119,28,64.8,1021.5,
2018-10-11,23.4,21.7,26,0,,123,26.8,66.7,1022.3,
2018-10-12,23.7,21,27,0,,99,22.6,57.4,1020.8,
2018-10-13,23.6,20,27.6,0,,59,16.8,46.3,1019.7,
2018-10-14,22.9,18.2,26.5,0,,87,11.4,38.9,1019.1,
2018-10-15,23.4,18.2,27.2,0.3,,82,14.4,46.3,1019.3,
2018-10-16,23.8,20.6,27.4,0.5,,78,18.6,42.6,1019.2,
2018-10-17,24.3,20.5,27.6,0.5,,57,16.2,40.8,1017.7,
2018-10-18,24.7,22.6,28,0.5,,44,23.1,40.8,1016.1,
2018-10-19,24.9,22.9,28.1,0.3,,38,22,31.5,1016,
2018-10-20,24.5,21.6,30.6,0,,24,10.5,25.9,1016.5,
2018-10-21,25.9,21.6,30.2,0.3,,19,14.3,33.3,1016.5,
2018-10-22,25.6,21.8,30.8,0.3,,3,19.8,33.3,1015.7,
2018-10-23,23.7,19.4,27,7.9,,221,20.1,37,1019.2,
2018-10-24,23.3,21,26,0,,170,21.9,48.2,1019.9,
2018-10-25,23.7,20,26.5,0.5,,148,15.4,44.5,1020.3,
2018-10-26,23,18.9,26.5,0,,170,9,38.9,1018.9,
2018-10-27,22.4,18,26.5,0,,155,9.6,37,1018.3,
2018-10-28,22.5,17,26.6,0,,20,10.3,31.5,1017.2,
2018-10-29,23.7,18.3,29,0,,18,11.5,35.2,1015.8,
2018-10-30,25.2,22,27.4,4.1,,34,14.4,33.3,1015.4,
2018-10-31,25.8,23.8,29.4,0,,64,16.8,35.2,1016.3,
2018-11-01,25.5,22.2,28.6,0,,89,10,38.9,1017.5,
2018-11-02,25.4,23.5,28.3,0,,109,11.9,46.3,1016.8,
2018-11-03,25.1,22,28.5,0,,66,13.3,40.8,1015.6,
2018-11-04,25.3,20.9,30.1,0,,28,14.3,37,1015.4,
2018-11-05,24.2,21.3,30,0,,22,9.4,31.5,1015.6,
2018-11-06,24.2,20.9,28.1,36.1,,328,7.9,29.6,1016.6,
2018-11-07,25.4,20.8,29,11.9,,39,10.8,40.8,1017.6,
2018-11-08,25.7,21.8,28.7,0,,51,13.5,40.8,1017.3,
2018-11-09,25.5,22.8,28,0,,75,16.9,42.6,1015.5,
2018-11-10,25.7,22.6,28.7,0.5,,77,19.4,42.6,1015.6,
2018-11-11,25.8,23.4,29,5.1,,74,19.6,44.5,1016.8,
2018-11-12,26.2,23.5,29,0,,66,16.7,40.8,1016.7,
2018-11-13,26.3,23.5,30,0,,93,11.9,40.8,1015.8,
2018-11-14,26.1,23.5,28.9,0,,97,13.7,46.3,1015.9,
2018-11-15,24.3,23,27.3,2,,109,15,48.2,1017.5,
2018-11-16,25.3,22.5,28.1,23.9,,118,20.5,50,1019.1,
2018-11-17,24.9,23,28,0.5,,130,15.4,53.7,1018.5,
2018-11-18,25.3,21.6,28.5,5.1,,98,22.2,48.2,1017.2,
2018-11-19,25.7,22.1,28.2,3,,90,12.4,42.6,1017.5,
2018-11-20,25.9,22.4,28.5,0,,99,16,42.6,1018.5,
2018-11-21,25.2,22.7,28.2,3,,89,21.6,50,1017.9,
2018-11-22,26.1,23.5,29.3,1,,81,23.8,50,1017,
2018-11-23,25.9,24,29.2,0,,71,19.1,48.2,1017.3,
2018-11-24,25.9,22.6,29,0,,99,9.4,38.9,1018.2,
2018-11-25,26.3,23.1,29,0,,158,13.8,42.6,1017.7,
2018-11-26,25.5,23,28.8,7.9,,94,18.9,48.2,1015.3,
2018-11-27,24.8,21,28.3,87.1,,72,20.6,46.3,1014.8,
2018-11-28,25.6,20.1,28.1,67.1,,79,16.5,38.9,1014.8,
2018-11-29,25.9,22.5,29,0,,88,13,42.6,1014.4,
2018-11-30,25.6,23,29.8,0,,52,9.1,33.3,1013.1,
2018-12-01,26.1,22,29.2,2,,289,8.3,31.5,1011.6,
2018-12-02,25.1,22,28.1,0,,231,9.4,31.5,1010.8,
2018-12-03,25.6,20.5,28.2,0,,66,7.6,24.1,1011.3,
2018-12-04,26.2,21.6,29.2,0,,44,10.2,25.9,1013.5,
2018-12-05,26.3,24,29.8,2,,336,7.9,29.6,1014.6,
2018-12-06,26.2,23,30,8.9,,33,10.6,29.6,1014.2,
2018-12-07,26.2,21,30,0,,70,8.9,33.3,1014.5,
2018-12-08,26.8,22.2,30.1,0.5,,56,12.2,40.8,1015.3,
2018-12-09,26.7,24.6,29,0.5,,70,15.2,44.5,1015.8,
2018-12-10,24.6,22,27,14,,14,9.9,44.5,1015.9,
2018-12-11,26.8,21.3,30,134.9,,48,13.1,40.8,1015.7,
2018-12-12,27.1,24,29.6,5.1,,71,13,40.8,1017.6,
2018-12-13,27.3,24.5,30.1,0.3,,87,16.4,46.3,1017.9,
2018-12-14,27.1,24.4,30,0,,89,17.1,46.3,1017.8,
2018-12-15,27.2,24.3,30,0.8,,101,19.5,50,1017.4,
2018-12-16,27,25,29.6,1,,107,23.3,53.7,1017,
2018-12-17,27.2,24,30,0.3,,112,22.5,51.8,1017.2,
2018-12-18,26.9,24,30,2,,117,24.5,53.7,1016.6,
2018-12-19,27.1,25,30,2,,106,25.2,55.5,1016.1,
2018-12-20,27,22.6,29.6,8.9,,90,22.1,57.4,1014.9,
2018-12-21,26.7,24.6,30.1,0.3,,108,22.8,53.7,1011.4,
2018-12-22,26.3,24,28,26.9,,112,23.4,55.5,1006.4,
2018-12-23,27,25,30.5,0.3,,212,23.6,64.8,1005.5,
2018-12-24,27.2,22.3,30.4,0,,235,8.3,33.3,1008.9,
2018-12-25,27.2,23.9,31,0,,323,9.1,27.8,1010.1,
2018-12-26,26.8,23.1,30.4,1,,32,7.7,27.8,1012,
2018-12-27,26.9,22.8,30.8,0,,25,10.9,29.6,1012.8,
2018-12-28,26.3,22.8,29,13,,28,11.2,33.3,1013.2,
2018-12-29,27,23.2,31,0,,26,7.9,29.6,1013.9,
2018-12-30,27.5,23.1,31,0.8,,77,6.4,29.6,1015.3,
2018-12-31,27.8,24.2,30.6,2,,100,9.9,38.9,1016.7,
2019-01-01,27.3,24.4,30.1,5.1,,110,11.5,40.8,1016.8,
2019-01-02,27.7,23.6,31,4.1,,52,12.8,38.9,1016.1,
2019-01-03,27.6,24.4,30.7,0,,22,13.5,35.2,1016,
2019-01-04,28.1,24.5,31,0,,50,12,35.2,1015.9,
2019-01-05,28.8,26,31.4,0,,54,15.8,38.9,1014.7,
2019-01-06,28.9,26,31.1,0,,60,21.8,44.5,1013.8,
2019-01-07,28,25.7,31,5.1,,48,22.6,46.3,1013.2,
2019-01-08,28.2,25.5,30.4,9.9,,47,22.4,42.6,1014.5,
2019-01-09,28.1,25.7,30.8,2,,63,21.6,44.5,1015,
2019-01-10,28.4,25.5,31,6.1,,65,21.4,42.6,1014.6,
2019-01-11,27.6,24,30.7,17,,50,17.4,40.8,1015.2,
2019-01-12,28.1,24.7,31,10.9,,74,16.6,38.9,1015.5,
2019-01-13,28.1,25.8,31,0,,83,19.1,44.5,1016.4,
2019-01-14,28.1,25.7,31,0,,97,18.4,46.3,1016.5,
2019-01-15,27.9,24.6,31,0,,93,14.6,44.5,1016.3,
2019-01-16,27.8,23.7,31,0,,49,13,37,1016.2,
2019-01-17,27.7,24,31,6.1,,35,12.5,38.9,1014.9,
2019-01-18,27.9,24,31.2,8.9,,33,11.7,33.3,1014.3,
2019-01-19,27.9,24.3,31.1,0,,22,12.1,35.2,1014.2,
2019-01-20,28.2,24.4,31.4,0,,30,15.4,37,1014.7,
2019-01-21,27.8,25,31,7.9,,37,12.5,37,1016,
2019-01-22,27.7,23.3,31,0,,39,10.4,33.3,1016.1,
2019-01-23,28.1,23.5,31.5,0,,44,12.4,33.3,1015.3,
2019-01-24,28.1,24.5,31.5,2,,17,12.8,37,1014.4,
2019-01-25,28,25,31.5,0,,18,17.2,38.9,1013.6,
2019-01-26,28.2,24,32.9,5.1,,9,17,37,1012.5,
2019-01-27,26.8,24,31.5,0,,9,10.7,37,1011.2,
2019-01-28,26.1,24.6,27.2,3,,326,5,29.6,1011.6,
2019-01-29,26.6,24.9,31,4.1,,346,9.7,25.9,1011.6,
2019-01-30,25.7,23.6,27,296.9,,122,14.4,40.8,1012.1,
2019-01-31,27.6,23.8,30.3,61,,135,15.5,48.2,1012.9,
2019-02-01,27.9,23.4,30.5,0,,157,11,38.9,1013,
2019-02-02,27.3,25.5,30.2,3,,144,12.2,37,1011.4,
2019-02-03,27.7,22.6,30.1,0,,115,7.6,31.5,1011.6,
2019-02-04,28.9,26.3,32,0.5,,97,10.7,38.9,1012.7,
2019-02-05,28.9,26.8,32,0.5,,76,8.7,38.9,1012.7,
2019-02-06,28.6,25.2,31.5,1,,89,4,33.3,1009.9,
2019-02-07,28.2,25,32,0,,348,5.6,20.4,1008.7,
2019-02-08,27.4,24.4,31.5,0,,355,3.6,22.2,1008.7,
2019-02-09,26.2,23.8,28.4,25.9,,154,18.3,68.5,1008.8,
2019-02-10,26.8,22.2,30,7.1,,178,20.7,40.8,1012.4,
2019-02-11,26.4,23.9,29.5,7.1,,146,8.7,31.5,1013.1,
2019-02-12,27.2,22,30,0,,101,9.3,29.6,1014.6,
2019-02-13,27.1,22.8,30,0,,131,8.7,33.3,1016,
2019-02-14,26.7,25,30,0,,167,10,31.5,1014.1,
2019-02-15,26.7,21.4,29.5,0,,216,9.8,31.5,1013.2,
2019-02-16,26.9,22.9,29.7,24.9,,103,13.1,37,1014.7,
2019-02-17,25.8,23,27.4,41.9,,44,13.6,38.9,1015.5,
2019-02-18,26.8,22.3,31,90.9,,35,12.7,37,1013.8,
2019-02-19,28.4,23.6,31.1,0,,45,14.5,35.2,1013.6,
2019-02-20,28.4,25.8,31,4.1,,45,19.1,38.9,1015.4,
2019-02-21,27.7,24.6,31.3,0.5,,28,11.8,33.3,1015.5,
2019-02-22,27.4,23.6,31.3,0,,2,8.2,27.8,1013.5,
2019-02-23,27.8,23.8,31.5,2,,17,10.4,24.1,1011.8,
2019-02-24,28.1,23.8,31.5,0,,46,10.6,31.5,1012.3,
2019-02-25,28.8,25.9,31.3,0,,82,13.9,38.9,1012.9,
2019-02-26,28.7,26.3,31.3,0.8,,69,18.3,42.6,1013.5,
2019-02-27,28.9,26,31.4,1,,61,20.9,46.3,1015.2,
2019-02-28,28.9,26.2,32,2,,90,18.4,48.2,1015,
2019-03-01,28.7,26.2,32,2,,98,14.4,46.3,1014.6,
2019-03-02,28.9,27,31.5,0.5,,80,18,44.5,1014.7,
2019-03-03,28.4,25,32,6.1,,76,16.8,44.5,1014.8,
2019-03-04,28.3,25,31.3,0,,105,11.8,40.8,1013.6,
2019-03-05,27.9,23.8,31,0,,156,10,38.9,1012.2,
2019-03-06,27.7,24.2,31,0,,181,11.5,40.8,1010.2,
2019-03-07,27.3,24,31,0.8,,234,7.4,31.5,1008.3,
2019-03-08,27.1,23.1,31,0,,345,6.8,25.9,1008.8,
2019-03-09,26.4,24,29.6,9.9,,283,7.8,27.8,1010.3,
2019-03-10,25.5,23,30.5,0.8,,322,7.4,25.9,1012.1,
2019-03-11,26.4,21.2,31,6.1,,12,10.1,24.1,1012.5,
2019-03-12,26.7,22,30.1,0,,340,7,22.2,1013.4,
2019-03-13,26.4,22.2,31,0,,262,10.1,25.9,1013.2,
2019-03-14,27.1,22.4,31.4,0,,259,13.3,31.5,1012.2,
2019-03-15,26.2,21.8,31,0,,274,9.1,24.1,1012.2,
2019-03-16,27.9,21.9,32,0.3,,13,10.7,25.9,1012.5,
2019-03-17,26.8,23.6,31.3,6.1,,47,7.6,35.2,1013.5,
2019-03-18,28.3,23.6,31.4,49,,49,12.3,37,1014.6,
2019-03-19,28.8,25.8,31.5,0.3,,101,14.9,44.5,1013.5,
2019-03-20,28.7,25.9,31.4,1,,101,18.5,46.3,1012.3,
2019-03-21,28.8,26,31.1,1,,111,14.8,48.2,1012,
2019-03-22,28.6,27,31.2,0,,128,16.2,51.8,1011.6,
2019-03-23,28.5,24.9,31.3,0.5,,125,14.2,50,1011.2,
2019-03-24,28.1,25.4,31.2,0.5,,134,17.5,63,1009.3,
2019-03-25,27.3,24.8,30,7.1,,142,16.9,64.8,1008.5,
2019-03-26,27.5,24,30.5,15,,147,8.4,42.6,1010.1,
2019-03-27,28.1,25.1,31,1,,194,10.1,46.3,1012.1,
2019-03-28,28.2,26.2,30.1,0.3,,181,17.4,50,1011,
2019-03-29,27.7,26,31,3,,149,11.6,42.6,1010.6,
2019-03-30,26.7,22.5,30.5,0,,43,6.5,33.3,1010.7,
2019-03-31,27,21.9,31,0,,16,8.7,29.6,1011.8,
2019-04-01,26.6,24,30.5,0.5,,332,7.1,27.8,1013.2,
2019-04-02,27.2,22.5,31,0,,183,6.8,29.6,1013.2,
2019-04-03,27.3,23.7,30.4,0,,213,5.9,25.9,1012.3,
2019-04-04,26.8,23.6,31.2,3,,11,8.4,31.5,1014,
2019-04-05,26.4,22.9,29.9,7.1,,121,10.2,29.6,1015.7,
2019-04-06,26.6,23,28.5,15,,122,19.4,40.8,1016,
2019-04-07,27.9,24.6,30,11.9,,114,19.7,46.3,1016.4,
2019-04-08,27.1,26.7,28.8,0,,117,22.3,48.2,1014.7,
2019-04-09,26.7,24,31,1,,92,22.1,42.6,1013.1,
2019-04-10,25.6,22.9,28.4,26.9,,75,13.6,42.6,1014.4,
2019-04-11,26.8,23.9,30.2,5.1,,79,11.3,38.9,1013.8,
2019-04-12,27.7,24.5,30,0,,104,14,38.9,1013.9,
2019-04-13,27.9,25,30.7,3,,84,19.2,46.3,1013.8,
2019-04-14,26.7,24.8,30.1,10.9,,58,20.9,42.6,1014.5,
2019-04-15,27.4,24,30,72.9,,72,16,35.2,1015.4,
2019-04-16,27.7,26,30.3,0.5,,74,12.5,33.3,1015.6,
2019-04-17,27.7,24.4,30.1,0,,89,11.7,35.2,1016.3,
2019-04-18,27.7,26,30.3,0,,92,17.7,44.5,1017.1,
2019-04-19,27.1,24.6,30,0,,95,14.6,42.6,1016.7,
2019-04-20,27.4,24.9,30.1,1,,104,18.6,44.5,1015.3,
2019-04-21,27.4,23.9,30.4,2,,93,25,48.2,1014.1,
2019-04-22,27,24.2,30,13,,51,17.4,44.5,1013.3,
2019-04-23,26.9,24.8,31,0,,41,8.7,33.3,1014,
2019-04-24,26.3,22.8,30,0,,216,8.4,31.5,1014.4,
2019-04-25,25.1,23.5,26.5,7.1,,170,21.3,48.2,1014.7,
2019-04-26,25.9,22.6,29,22.1,,118,19.5,38.9,1015.8,
2019-04-27,26.3,22.4,30,0,,82,18.1,37,1015.4,
2019-04-28,24.9,22.1,29.4,0,,14,10.3,33.3,1014.6,
2019-04-29,26.2,22.3,28.5,7.9,,214,15.8,31.5,1015.8,
2019-04-30,25.7,24,28,0,,155,21.2,38.9,1018.3,
2019-05-01,24.6,22,26.9,0,,131,21.3,38.9,1019,
2019-05-02,24.9,21.5,27.2,3,,114,22.3,38.9,1019.8,
2019-05-03,24.9,23.4,27.1,2,,112,19.8,38.9,1019.8,
2019-05-04,25.6,22.5,28.4,4.1,,108,16.3,37,1019.8,
2019-05-05,25.6,23.5,27.5,7.1,,90,16.6,37,1019.8,
2019-05-06,26,23.2,28.1,0.5,,103,17.6,37,1019,
2019-05-07,26.1,23.2,28.5,0,,99,8.3,25.9,1018.1,
2019-05-08,26.1,24,28.5,0,,137,14.8,35.2,1018.5,
2019-05-09,25,23.3,27.7,3,,126,23.7,42.6,1019.4,
2019-05-10,24.9,22.6,27.4,0,,114,22,40.8,1019.8,
2019-05-11,24.9,21.8,28.3,0,,115,19.2,37,1018.8,
2019-05-12,23.7,20,27.8,0,,88,10.1,29.6,1015.9,
2019-05-13,23.3,18.3,28.5,0,,6,10.7,25.9,1014.4,
2019-05-14,23.5,18.9,28,0,,296,8.4,24.1,1014.2,
2019-05-15,23.3,19.1,27.5,0,,255,8.8,27.8,1014.9,
2019-05-16,23.3,18.6,27.7,0,,215,7.4,25.9,1017.5,
2019-05-17,24.8,19.6,28,2,,72,12.5,29.6,1018.3,
2019-05-18,25.1,22,29,1,,61,17.5,33.3,1017.7,
2019-05-19,25,21.5,28.2,4.1,,34,14.5,35.2,1017.8,
2019-05-20,25.3,23.4,27.5,74.9,,38,15.1,35.2,1017.4,
2019-05-21,25.1,22.1,28.2,0,,58,13.1,31.5,1018.3,
2019-05-22,24.9,22.9,27.1,0,,82,8.5,31.5,1018.4,
2019-05-23,24,21,28.1,0,,40,10.1,29.6,1017.2,
2019-05-24,24.2,19,29,0,,337,8.1,20.4,1016.7,
2019-05-25,24.3,22.5,27.1,0,,180,11.4,25.9,1016.6,
2019-05-26,23.9,21.5,25,8.9,,164,18.4,33.3,1016.5,
2019-05-27,23.2,21.8,24,0.5,,167,14.8,33.3,1016.8,
2019-05-28,23,20.9,24.8,3,,135,23.1,46.3,1018.1,
2019-05-29,23.5,20.6,25.6,7.9,,113,24.8,42.6,1019.2,
2019-05-30,22.4,18,26.2,0.8,,97,17.6,38.9,1017,
2019-05-31,23.4,17.4,27,0,,18,12.6,31.5,1013.1,
2019-06-01,24.4,21.6,27.4,10.9,,94,11.3,25.9,1010.8,
2019-06-02,24.4,21.8,26.5,2,,186,13.4,33.3,1012.4,
2019-06-03,23.6,21.3,26,6.1,,142,24.6,50,1016.2,
2019-06-04,23.3,22,26,3,,136,28.6,46.3,1018.5,
2019-06-05,23.3,20,25.8,4.1,,115,24.8,46.3,1018.9,
2019-06-06,23.7,21,26.6,0.5,,110,25.1,44.5,1019.9,
2019-06-07,23.8,21,26.5,6.1,,101,25.2,46.3,1021.1,
2019-06-08,24.4,20.4,26,8.9,,95,21.4,40.8,1020.4,
2019-06-09,24.6,21.7,27.5,0.5,,116,12.5,33.3,1019.5,
2019-06-10,24,23,25,0,,154,20,42.6,1019.8,
2019-06-11,22.8,21,25,3,,147,26.2,50,1021.4,
2019-06-12,22.4,20.9,24,0,,139,24.2,42.6,1022.3,
2019-06-13,22.9,20,25.9,0.8,,122,22.6,40.8,1020.7,
2019-06-14,22.7,18,27,1,,100,14.3,31.5,1018.7,
2019-06-15,23.1,16.7,26.4,0.5,,148,10.5,27.8,1018.2,
2019-06-16,23.8,21.8,27,0,,140,16.2,35.2,1020.7,
2019-06-17,23.4,21,26,0.8,,132,19.1,35.2,1022.6,
2019-06-18,23.7,22,26,0.3,,110,25.4,38.9,1022.1,
2019-06-19,23.9,20.5,26.4,0.3,,116,22.4,40.8,1020.9,
2019-06-20,23.8,22.9,25.6,0,,125,26.8,51.8,1022.1,
2019-06-21,23.2,21,25,0.5,,119,28.9,51.8,1023.1,
2019-06-22,23.4,22,25.5,5.1,,112,27.2,48.2,1021.1,
2019-06-23,22.9,20,25,0.5,,115,24.3,42.6,1018.7,
2019-06-24,22.1,19.4,24.3,8.9,,94,23,40.8,1017.8,
2019-06-25,23.3,20.2,26.6,17,,83,24.2,40.8,1017.6,
2019-06-26,23.6,20.8,25.7,9.9,,83,23.1,40.8,1018.2,
2019-06-27,23.8,21.7,26,23.9,,108,20.4,40.8,1019.6,
2019-06-28,23.4,22,25.1,0.5,,115,24.2,44.5,1021.6,
2019-06-29,22.9,21.4,25,0.3,,127,26.5,46.3,1022.9,
2019-06-30,21.5,19.2,23.8,2,,116,22.4,38.9,1022.4,
2019-07-01,22.7,19.4,25,0.3,,130,20.2,37,1021.1,
2019-07-02,22.3,21,24.6,0,,115,18.8,38.9,1020.1,
2019-07-03,21.8,19,24.2,1,,60,10.2,31.5,1019,
2019-07-04,22.8,19.5,26.1,5.1,,145,9.4,24.1,1019,
2019-07-05,22.7,18.7,25.5,0,,121,10.5,27.8,1019.5,
2019-07-06,23.1,20.4,24.8,0,,108,13,33.3,1019,
2019-07-07,23.6,21.6,26.3,0.5,,76,15.4,33.3,1019,
2019-07-08,23.2,20,26.7,3,,31,6.7,27.8,1019.3,
2019-07-09,23.1,19.5,27.1,3,,26,7.6,22.2,1018.1,
2019-07-10,22.8,18.4,26.2,0,,263,9.1,27.8,1016.3,
2019-07-11,21.9,18.5,26,0,,273,9.5,24.1,1016.6,
2019-07-12,22.6,18.4,26,0,,228,15.4,35.2,1018.1,
2019-07-13,21.7,16,25,,,206,10.3,29.6,1020.9,
2019-07-14,21.6,18,24,0,,146,14,31.5,1022.4,
2019-07-15,21.8,17.2,24,4.1,,135,21.9,46.3,1024.4,
2019-07-16,21.9,19.7,24.8,0,,121,27.2,50,1026.8,
2019-07-17,22,18.3,24.5,4.1,,124,28.6,50,1026.6,
2019-07-18,22.8,19,25,5.1,,116,26.8,46.3,1024.1,
2019-07-19,22.5,20,25.4,1,,95,25.7,44.5,1022,
2019-07-20,22.7,21,26.4,3,,75,22.4,38.9,1019.6,
2019-07-21,22.3,18,27,0,,9,13,31.5,1016.6,
2019-07-22,21.2,18.5,25.7,0,,255,13.9,35.2,1015.9,
2019-07-23,21.9,20,24.3,3,,169,21.8,38.9,1016.9,
2019-07-24,21.9,19.9,24,1,,154,25.7,48.2,1018,
2019-07-25,22.1,20.1,23.7,3,,149,25.3,46.3,1018.4,
2019-07-26,22.2,20.9,23.4,2,,147,25,48.2,1017.5,
2019-07-27,22.1,21,23.4,6.1,,149,23.7,46.3,1017.6,
2019-07-28,23.1,21.3,24.6,1,,130,21.1,40.8,1018.3,
2019-07-29,23.8,22,26.2,3,,88,12.9,33.3,1018.9,
2019-07-30,23.9,22.5,27,0.3,,62,9.2,29.6,1019,
2019-07-31,22.2,21,24.3,5.1,,121,5.9,29.6,1020.3,
2019-08-01,23.1,20.2,26.5,5.1,,47,11.3,31.5,1022,
2019-08-02,22.9,20,26.5,1,,104,13.7,31.5,1022.2,
2019-08-03,22.1,19,25,2,,113,16.6,37,1022.7,
2019-08-04,22.3,20,25.1,0.5,,112,15.5,33.3,1022.2,
2019-08-05,21.8,19,24.8,2,,148,9.3,25.9,1020.1,
2019-08-06,22.4,19.8,25.7,1,,158,7.6,25.9,1020.6,
2019-08-07,22.7,19.3,25.5,0,,159,11,29.6,1022.1,
2019-08-08,23.2,20.7,26.2,0,,139,11.8,31.5,1023,
2019-08-09,23.2,21.5,26.5,0,,104,17.3,33.3,1023,
2019-08-10,22,18.4,24.7,0,,164,13.8,31.5,1023,
2019-08-11,21.7,20.2,24.5,0,,140,17.6,37,1022.6,
2019-08-12,22.2,19.4,25.1,23.1,,110,28.5,46.3,1023.8,
2019-08-13,21.5,19,23.9,6.1,,104,22.4,42.6,1024,
2019-08-14,23.3,19.9,26,24.9,,110,24.1,42.6,1023.8,
2019-08-15,22.7,20,25.7,0,,115,15.4,31.5,1022.8,
2019-08-16,21.7,18,24,0,,128,13.5,33.3,1021.5,
2019-08-17,22.6,20,25.9,2,,112,12.8,31.5,1019.5,
2019-08-18,21.5,19.5,23.4,4.1,,139,10,29.6,1019,
2019-08-19,21.9,20,26.2,39.9,,131,12.6,33.3,1020.9,
2019-08-20,21.6,19.7,23.5,13,,104,26.7,46.3,1022.4,
2019-08-21,21.9,20,25.6,4.1,,81,21.5,46.3,1021.8,
2019-08-22,21.7,17.4,26.2,0,,43,9.4,25.9,1020.7,
2019-08-23,21.7,18,25.5,0.3,,242,9,27.8,1021.3,
2019-08-24,20.6,17.9,24,0.3,,164,10.2,27.8,1021,
2019-08-25,22,19.5,25.1,18,,148,18.1,37,1022,
2019-08-26,22.5,19.9,25.1,5.1,,119,20.6,38.9,1023.4,
2019-08-27,22.6,21,25,0,,110,21.2,38.9,1023.2,
2019-08-28,22.2,20,25.2,0,,118,21.5,38.9,1022.8,
2019-08-29,22.5,18,25.8,1,,91,17.5,35.2,1022,
2019-08-30,23.3,21,26.3,2,,82,22.6,37,1020.5,
2019-08-31,23.2,20.6,26.5,0.3,,86,22.5,40.8,1019.6,
2019-09-01,22.6,20,27.2,0,,76,21.3,40.8,1019.7,
2019-09-02,21.5,16.6,26.2,3,,14,12.1,33.3,1020.5,
2019-09-03,23.3,18.4,27.5,0,,77,13,29.6,1020.5,
2019-09-04,22.7,19.8,26.1,0,,71,15.9,33.3,1019.6,
2019-09-05,22.9,20,26.5,10.9,,71,13.4,35.2,1020.2,
2019-09-06,22.6,18.6,26,0,,62,8.5,27.8,1019.5,
2019-09-07,23,19.6,25.4,0,,194,12,33.3,1020.3,
2019-09-08,21.9,21,24.6,0.5,,142,25.2,48.2,1023.7,
2019-09-09,21.3,17.9,24,4.1,,130,26,44.5,1023.5,
2019-09-10,21.4,18.8,24.2,0,,115,19.6,35.2,1021.2,
2019-09-11,21.8,16,25.3,2,,100,14.5,31.5,1021,
2019-09-12,22.6,20.2,26,0,,114,19.7,37,1022.3,
2019-09-13,21.7,20,25.5,0,,93,20.1,38.9,1021.8,
2019-09-14,22.2,18.3,26.3,3,,73,16.9,38.9,1021.1,
2019-09-15,21.9,20,26.4,0,,33,10.2,25.9,1020,
2019-09-16,22,17.7,26.2,0,,72,8.3,25.9,1018.4,
2019-09-17,21.6,17.4,26.2,0,,27,9.1,24.1,1017.7,
2019-09-18,21.3,18,25.4,,,164,6.7,27.8,1017.9,
2019-09-19,22.6,17.8,26.4,0,,142,12,27.8,1018.6,
2019-09-20,22.4,20.6,25.6,0,,165,16.8,35.2,1019.1,
2019-09-21,21.1,19,24.4,0.3,,132,21.6,44.5,1019.8,
2019-09-22,22.6,18.8,25.1,15,,130,27.2,46.3,1022.2,
2019-09-23,22.5,20.5,25.3,3,,117,27.9,48.2,1023,
2019-09-24,23.2,19.9,26.1,0.5,,116,20.7,38.9,1020.4,
2019-09-25,23.6,21.5,27.3,1,,65,17,37,1018,
2019-09-26,23.1,19.8,27,7.1,,40,14.8,37,1019.8,
2019-09-27,23.8,21,27,43.9,,96,17.4,35.2,1021.1,
2019-09-28,23.8,21.8,26.8,0,,105,21.2,40.8,1020.1,
2019-09-29,23.4,21,27.1,0,,69,18.1,37,1018.9,
2019-09-30,23.6,20.4,27.2,0.5,,68,16.7,38.9,1018.7,
2019-10-01,23.7,20.8,27.2,2,,84,18.9,37,1019.5,
2019-10-02,24.3,21.9,27,0.5,,102,16.9,35.2,1019.9,
2019-10-03,24.1,22.2,26,5.1,,103,17.5,31.5,1020.4,
2019-10-04,24,21.5,27.2,54.1,,98,17.1,33.3,1019.3,
2019-10-05,24.2,22,27.5,1,,94,14.5,31.5,1019,
2019-10-06,24.2,21,27.2,0.8,,91,13.9,33.3,1020,
2019-10-07,24.1,21.9,27.8,2,,94,25.5,42.6,1021.2,
2019-10-08,23.1,19.8,26.5,5.1,,108,23.2,42.6,1022.2,
2019-10-09,23.4,21,27.1,0.3,,104,26.4,42.6,1021.5,
2019-10-10,23.7,20,27,0.8,,97,26.7,42.6,1021.5,
2019-10-11,23.7,20.5,27,1,,81,18.9,37,1020.1,
2019-10-12,23.9,20.1,27.3,0.8,,86,15,37,1018.4,
2019-10-13,23.8,20.5,27.6,0,,77,17,37,1018.5,
2019-10-14,23,21,26.9,2,,62,13.6,37,1017.8,
2019-10-15,23,18,26.2,1,,103,10.1,29.6,1016.9,
2019-10-16,23.1,20.4,26.4,0,,136,16.6,40.8,1017.4,
2019-10-17,22.7,20.7,24.8,6.1,,135,20.7,38.9,1019.4,
2019-10-18,23.3,21,26.1,0,,124,20.1,37,1019.8,
2019-10-19,23.5,21.3,26.2,0,,117,22.5,38.9,1019.9,
2019-10-20,23.5,22,26.5,,,108,21,37,1019.5,
2019-10-21,24.1,21.7,27.4,4.1,,76,20,40.8,1017.6,
2019-10-22,24.5,23,28,0,,45,19.8,42.6,1016.3,
2019-10-23,24.3,20.6,28.2,0,,42,13.3,33.3,1017.8,
2019-10-24,24.9,21.9,28.3,0,,72,15.8,37,1019.3,
2019-10-25,25.4,23,29,0.5,,58,13.5,35.2,1017.7,
2019-10-26,24.2,20.7,28.2,0,,255,9.3,25.9,1015.8,
2019-10-27,25.2,20.2,29.2,0,,258,13.9,27.8,1013.2,
2019-10-28,24.2,22,28,0,,223,9.4,31.5,1012.1,
2019-10-29,23.3,19,27.9,0,,186,7.9,27.8,1014.6,
2019-10-30,23.3,17.9,27.1,0,,151,11,27.8,1016.4,
2019-10-31,24.2,20.6,27.2,0,,146,9.3,29.6,1016.9,
2019-11-01,24.2,22,27.5,0,,139,8,27.8,1015.3,
2019-11-02,21.8,19.4,26,0,,177,16.4,44.5,1016.9,
2019-11-03,22.9,20,24.2,13,,120,24.5,42.6,1020,
2019-11-04,24.7,22.4,27.3,0.5,,85,22.1,38.9,1020.3,
2019-11-05,24.8,22.9,28.4,0,,83,13.7,33.3,1019.1,
2019-11-06,24.7,21,28,0,,115,9.6,31.5,1018.5,
2019-11-07,25.3,23,28,2,,118,16.2,35.2,1019.9,
2019-11-08,23.8,21,27.9,0,,92,18.6,38.9,1020.5,
2019-11-09,23.8,18.4,28.6,0,,42,14.8,35.2,1018,
2019-11-10,23.6,19,28.6,0,,17,9.6,31.5,1015.8,
2019-11-11,25.2,19.2,29.6,0,,51,12.1,33.3,1014.6,
2019-11-12,25.7,23.8,29.1,0,,68,13.8,35.2,1014,
2019-11-13,25.7,23.6,29.5,0,,102,9,27.8,1015,
2019-11-14,25.4,23.5,28.6,0,,126,14.7,31.5,1015.2,
2019-11-15,24.3,22.2,26.5,1,,100,23.7,40.8,1015.9,
2019-11-16,24.8,23.2,28.1,0.3,,81,22.9,48.2,1015.2,
2019-11-17,26.1,22.3,29.5,0.8,,50,24.5,44.5,1014.5,
2019-11-18,26.1,24,30.5,0,,43,14.3,38.9,1015.9,
2019-11-19,26.3,22.4,30.3,0,,63,8.4,27.8,1016.1,
2019-11-20,26.2,22.3,30.4,0,,10,8.6,29.6,1014.8,
2019-11-21,26.2,22.4,30.7,3,,28,7.7,31.5,1014.5,
2019-11-22,27.3,23.1,32.1,0,,13,14.7,38.9,1013.3,
2019-11-23,27.6,24,32.8,0,,351,9.2,35.2,1013.3,
2019-11-24,24.3,22.9,28.2,20.1,,324,5.8,25.9,1014.3,
2019-11-25,26.5,22.4,29.7,47,,31,13.8,33.3,1014.2,
2019-11-26,26.7,23.9,29.5,2,,62,13,33.3,1013.8,
2019-11-27,26.8,23.4,30.1,2,,47,8.8,29.6,1013.7,
2019-11-28,26.8,25,30.1,0,,50,9.2,31.5,1014,
2019-11-29,26.8,22.4,30.2,0,,139,7.6,27.8,1014.6,
2019-11-30,26,23.4,29.2,3,,144,13.3,33.3,1016.3,
2019-12-01,26.1,24,28.4,0.3,,120,21.9,38.9,1017,
2019-12-02,25.7,22,28.7,0,,115,18.8,38.9,1016.7,
2019-12-03,26.2,22.9,29,0,,118,16.5,33.3,1015.3,
2019-12-04,26.2,24,29,0.5,,94,17,35.2,1014.8,
2019-12-05,26.3,22.4,30,0,,46,13.3,31.5,1014.2,
2019-12-06,26.4,22.4,30.4,0,,19,10.7,29.6,1013.6,
2019-12-07,26.2,22.9,30.6,0,,19,12.5,33.3,1012.2,
2019-12-08,26.1,21.3,31.1,0,,12,13.7,37,1012,
2019-12-09,27.6,24,31.4,0,,29,15,35.2,1012.4,
2019-12-10,28,24,32.1,0,,22,13.2,31.5,1013,
2019-12-11,27.9,25.3,31.9,0,,30,12,35.2,1013.4,
2019-12-12,28.3,23.5,32.1,0,,42,15.6,37,1012.9,
2019-12-13,27.8,24.9,32.7,0,,24,12.2,37,1013.2,
2019-12-14,27.4,24.6,31.3,18,,22,13.5,35.2,1014.4,
2019-12-15,27.2,22.8,31.9,0,,8,13.8,37,1012.5,
2019-12-16,27.7,24.2,32.4,0,,23,9.5,31.5,1009.5,
2019-12-17,27.8,24.4,31.8,0,,279,11.2,24.1,1009,
2019-12-18,27.8,25,31,0,,194,10.4,25.9,1011,
2019-12-19,27.9,22.9,31.5,0,,110,12.3,29.6,1012.2,
2019-12-20,27.6,24,30.6,0.3,,107,14.2,35.2,1013.2,
2019-12-21,27.8,25.8,31.1,2,,114,23,38.9,1015.1,
2019-12-22,27.7,25.9,30.5,0,,125,22.2,38.9,1015.8,
2019-12-23,28,25,31.4,10.9,,89,26.3,44.5,1014.9,
2019-12-24,27.6,24.6,30.7,0,,107,26,46.3,1016,
2019-12-25,27.1,24.5,29.5,1,,98,29.1,48.2,1016.3,
2019-12-26,25.9,24,28.6,3,,101,25.8,51.8,1014.9,
2019-12-27,27,23.1,29.7,23.9,,84,26.4,42.6,1013.4,
2019-12-28,27.1,25,30,2,,113,21.6,46.3,1011.3,
2019-12-29,25.6,24,28.3,6.1,,140,23.5,53.7,1006.1,
2019-12-30,25.3,23.6,26.4,65,,232,48.1,70.4,996.4,
2019-12-31,27.1,23.2,31.4,72.9,,286,23.7,63,999.2,
2020-01-01,27.5,25,31.5,0.5,,291,12.4,33.3,1006.4,
2020-01-02,27,23.9,30.1,0,,6,8.8,25.9,1011.7,
2020-01-03,25.8,25,27.8,4.1,,18,5.2,25.9,1014.7,
2020-01-04,25.5,24,29.2,6.1,,17,8.9,29.6,1012.8,
2020-01-05,24.7,22.9,27.7,39.1,,62,8.2,24.1,1011.1,
2020-01-06,26.7,23,31.5,113,,58,13.7,33.3,1010.9,
2020-01-07,27.5,24.3,30.5,4.1,,30,5.1,22.2,1012,
2020-01-08,26.8,25,29.5,0.5,,168,6.6,22.2,1012.4,
2020-01-09,26.3,23.8,29.6,0,,174,10,29.6,1012.6,
2020-01-10,25.8,23,29.2,0,,142,8.3,29.6,1012.7,
2020-01-11,26.4,21.1,29.7,0.5,,117,10.1,27.8,1012.5,
2020-01-12,27.8,24.9,30.4,1,,94,13.4,31.5,1012.5,
2020-01-13,27.2,23.6,30.3,8.9,,47,10.5,31.5,1012.7,
2020-01-14,28.2,25.9,31.5,0,,61,14.3,33.3,1013.5,
2020-01-15,27.8,26,30.6,0.5,,92,16.1,35.2,1014.9,
2020-01-16,27.1,25.4,30,6.1,,81,18,37,1014.3,
2020-01-17,27.9,24.5,30.7,3,,74,17,35.2,1013.1,
2020-01-18,28.1,25.2,31.4,0,,67,15.6,35.2,1011.8,
2020-01-19,28.3,25.8,32.1,0,,46,12.1,31.5,1010.4,
2020-01-20,28.5,26,33,0,,22,6.7,29.6,1008.2,
2020-01-21,26.5,25.5,29,0,,347,3,25.9,1005.9,
2020-01-22,25.8,24.1,28,22.1,,8,5.4,25.9,1004.5,
2020-01-23,28.4,24.6,34,22.1,,255,10.5,33.3,1005,
2020-01-24,26.9,24.9,30,10.9,,0,9.1,27.8,1006.4,
2020-01-25,26.1,24.9,28.4,16,,201,29,55.5,1005.9,
2020-01-26,25.9,23.8,29,2,,182,20.9,38.9,1011.8,
2020-01-27,25.1,23.8,27,3,,154,12.7,33.3,1012.4,
2020-01-28,24.6,20.2,28.4,0,,74,7.7,25.9,1011.2,
2020-01-29,25.1,19.9,29,0.3,,0,8.3,25.9,1013.2,
2020-01-30,26.2,22,29.8,2,,69,9.9,27.8,1014.8,
2020-01-31,26.2,22.6,29.5,11.9,,106,12.2,29.6,1014.5,
2020-02-01,27.3,24,29.8,2,,115,16.4,33.3,1015.2,
2020-02-02,27.1,25,30.2,1,,113,15.7,35.2,1016,
2020-02-03,27.7,24.6,31,9.9,,109,23.5,42.6,1014.9,
2020-02-04,26.2,24.5,28.5,2,,128,20.9,38.9,1013.3,
2020-02-05,27.2,23.5,30,38.1,,145,19.6,37,1012.5,
2020-02-06,27.5,24.2,30.1,21.1,,112,19.6,37,1013.7,
2020-02-07,26.8,25,30,0,,119,15.5,35.2,1015,
2020-02-08,26.9,24,29.7,3,,144,13.7,33.3,1014.3,
2020-02-09,26.6,23.9,29.5,0.5,,160,15.4,37,1013.1,
2020-02-10,26.1,23.4,29.1,0.5,,183,20.7,40.8,1009.6,
2020-02-11,27.1,23.7,29.6,14,,133,22.9,40.8,1005.9,
2020-02-12,27.6,24.8,30.7,20.1,,62,22.9,44.5,1009.8,
2020-02-13,27.7,25.8,31,0.5,,64,17,37,1013.8,
2020-02-14,27.1,23.3,30.7,0,,64,10.6,31.5,1014,
2020-02-15,27.7,24.4,30.7,22.1,,87,20.4,37,1013.6,
2020-02-16,27.1,26,30,0,,110,15.7,33.3,1014.6,
2020-02-17,26.3,23.9,29.7,0.3,,111,13.5,31.5,1015.1,
2020-02-18,27,23.5,29.8,13,,125,13,29.6,1014.4,
2020-02-19,26.9,25,29.9,0,,139,16.1,29.6,1013.5,
2020-02-20,26.9,24.1,29.8,0,,123,12.7,31.5,1012.4,
2020-02-21,26.8,24.9,30,4.1,,104,15.4,31.5,1013.6,
2020-02-22,26.7,23.1,30,2,,113,8.1,27.8,1013.8,
2020-02-23,26.3,23.7,30.1,3,,14,7.3,25.9,1012.2,
2020-02-24,26.1,21.7,30.1,7.1,,6,8.3,24.1,1009.9,
2020-02-25,27.6,22.9,31.9,0,,359,5.1,25.9,1009.1,
2020-02-26,26.4,23.5,29.2,38.1,,20,11.7,31.5,1011.4,
2020-02-27,25.8,23.8,27.4,54.1,,71,13.2,31.5,1012,
2020-02-28,25.9,23.7,30,24.9,,74,12.1,33.3,1010.3,
2020-02-29,26.6,24,30.2,7.1,,50,6.2,31.5,1007.7,
2020-03-01,27.2,24.2,30.6,8.9,,17,7.2,29.6,1006.6,
2020-03-02,26.9,25,29,16,,63,7.1,27.8,1007.6,
2020-03-03,27.1,25,30,9.9,,77,6.6,29.6,1008.5,
2020-03-04,27.3,24.3,31.3,3,,14,7.1,25.9,1008.8,
2020-03-05,27.6,25,30.9,26.9,,41,11.4,31.5,1009.5,
2020-03-06,27.7,26.9,31.1,0.5,,64,19.2,35.2,1010.6,
2020-03-07,26.4,24,29.7,6.1,,51,12.8,31.5,1010.8,
2020-03-08,25.8,23.7,29.6,37.1,,110,15.1,31.5,1011.5,
2020-03-09,25.8,23.4,28.4,26.9,,90,21.1,42.6,1010.6,
2020-03-10,27,24.5,30,18,,81,24.4,42.6,1010.3,
2020-03-11,27.3,25.5,30.4,1,,112,10.9,35.2,1009.7,
2020-03-12,26.1,24.5,29,1,,11,3.9,27.8,1010.3,
2020-03-13,23.9,23,26.7,117.1,,42,8.4,29.6,1011.2,
2020-03-14,25.5,22,28.5,25.9,,118,7.3,27.8,1011.3,
2020-03-15,26.2,24,29.5,0,,138,6.3,25.9,1009.5,
2020-03-16,25.4,22,27.2,0,,19,3,24.1,1007.3,
2020-03-17,25.8,23,29,7.1,,182,14.3,44.5,1006.1,
2020-03-18,26.6,23,30.4,0,,259,10.1,31.5,1009.3,
2020-03-19,26.2,23,29.1,0.3,,225,7.7,29.6,1011.9,
2020-03-20,25.4,22,29,0,,218,7.1,25.9,1014.4,
2020-03-21,25.8,19.8,29.6,0,,82,8.8,24.1,1015.8,
2020-03-22,26.1,21.7,28.5,0,,119,12.9,33.3,1017.2,
2020-03-23,26.7,24.2,29.1,3,,121,18.1,35.2,1016.6,
2020-03-24,26.7,24.7,28.1,23.1,,118,18,33.3,1014.8,
2020-03-25,27,25.8,29.4,1,,109,13.3,31.5,1012.3,
2020-03-26,26.9,25,29.3,3,,95,16.6,37,1012.6,
2020-03-27,26,23,29,0.8,,98,10.1,33.3,1013.9,
2020-03-28,26.7,21,30,0,,79,7,25.9,1012.8,
2020-03-29,27.7,26,30,0.8,,87,14.9,31.5,1010.5,
2020-03-30,28,26,30,3,,63,17.1,35.2,1009.8,
2020-03-31,27,25,30,20.1,,24,7,29.6,1009.9,
2020-04-01,27,25,29.4,0,,41,6.8,25.9,1009.4,
2020-04-02,26.5,24.6,29,7.9,,71,7.9,25.9,1008.3,
2020-04-03,25.3,23,29,0.8,,17,5,24.1,1008.5,
2020-04-04,25.8,23,28.1,4.1,,120,9.5,29.6,1010.1,
2020-04-05,26.9,25,29,0.3,,132,13.5,29.6,1013.6,
2020-04-06,26.4,25,28.3,1,,121,18.5,35.2,1015.9,
2020-04-07,26.8,25,30,0,,100,21.2,38.9,1016.9,
2020-04-08,27.2,24,29.1,0.5,,87,21.3,38.9,1017.9,
2020-04-09,27,25,30,0,,85,19.5,40.8,1017.8,
2020-04-10,26.4,23.2,29,1,,112,16.6,35.2,1017.7,
2020-04-11,26,24,28.7,0.8,,111,24.2,40.8,1018.4,
2020-04-12,26.8,23,29,2,,96,26,42.6,1018.3,
2020-04-13,25.4,23,28.4,7.9,,103,20.1,40.8,1017.6,
2020-04-14,26.2,24,28.6,21.1,,103,22.9,40.8,1017.9,
2020-04-15,26.2,24,28,4.1,,119,25.5,44.5,1019.1,
2020-04-16,25.7,24,28.2,0,,126,24.1,40.8,1018.1,
2020-04-17,25.2,24,27.6,5.1,,120,24.4,40.8,1017.1,
2020-04-18,26.2,24,28,1,,108,20.6,40.8,1016.9,
2020-04-19,25.9,24.9,28.1,0.3,,114,19.7,37,1016,
2020-04-20,24.8,23,27.1,2,,120,20.9,38.9,1016.2,
2020-04-21,25.6,24,27.7,4.1,,110,22.4,42.6,1016.4,
2020-04-22,25.3,23,27.8,0,,106,18.9,37,1015.4,
2020-04-23,25.7,23.8,28.9,1,,103,15.6,33.3,1014.9,
2020-04-24,24.7,23.1,26.6,0.8,,89,17,37,1014.4,
2020-04-25,25,22.9,28.4,39.1,,359,3.3,29.6,1013.2,
2020-04-26,25.7,22,30,2,,346,6.5,20.4,1013.7,
2020-04-27,25.7,23,29,0,,230,16.3,37,1016.7,
2020-04-28,23.9,22,26,,,144,18.8,37,1019.4,
2020-04-29,23.7,21,26.4,0.8,,135,18.8,38.9,1020.1,
2020-04-30,24.6,21,27,7.1,,121,21.9,40.8,1021.1,
2020-05-01,25.1,24,27,0.3,,101,24.6,42.6,1020.7,
2020-05-02,24.4,23,27,0.5,,112,17.3,37,1018.4,
2020-05-03,23.8,22,25.7,7.1,,95,17.5,35.2,1016.7,
2020-05-04,25.7,24,28,10.9,,87,17.4,37,1018,
2020-05-05,24.9,22,28,0,,97,14.5,33.3,1018.3,
2020-05-06,25.1,22.7,28.2,1,,51,10.3,35.2,1018.1,
2020-05-07,24.8,22,28,1,,16,8.6,31.5,1016.7,
2020-05-08,24.4,22.4,27,0,,259,7,22.2,1014.9,
2020-05-09,24.6,22,27.2,,,208,10.3,29.6,1016.3,
2020-05-10,24.2,23,26.5,0.3,,156,17.9,35.2,1018.2,
2020-05-11,23.1,22,25.2,0,,147,16.7,35.2,1019.2,
2020-05-12,23.8,21,26,,,129,14.8,29.6,1018,
2020-05-13,23.7,22,26.6,,,106,13.7,31.5,1017.7,
2020-05-14,23.9,21,27,,,84,14.3,33.3,1016.7,
2020-05-15,23,19,27.4,,,14,12.3,31.5,1015.2,
2020-05-16,23.4,19,28.2,,,340,7.5,22.2,1015.3,
2020-05-17,23.9,21,27,0,,212,10,25.9,1017.3,
2020-05-18,23.4,21,26,5.1,,193,17.7,33.3,1019.5,
2020-05-19,22.9,19,26,2,,147,17.5,33.3,1019.5,
2020-05-20,23.2,21,25.4,0,,141,20.3,42.6,1020.9,
2020-05-21,23.9,20.6,26,1,,136,26.2,51.8,1021.7,
2020-05-22,24.1,23,26,0,,117,26.3,48.2,1022.4,
2020-05-23,23.6,22,26,0,,118,19.3,42.6,1021,
2020-05-24,22.2,19.4,25,0,,162,11,29.6,1019,
2020-05-25,22.7,19,26,7.9,,93,17.6,33.3,1018.9,
2020-05-26,24.2,22,26.2,14,,112,21.2,35.2,1019.7,
2020-05-27,24.8,23,27,0,,98,18.4,35.2,1020.6,
2020-05-28,24.9,23.5,27.1,,,92,22.2,38.9,1020.6,
2020-05-29,24.3,22,27.3,,,85,19.1,38.9,1020,
2020-05-30,22.9,19,27,,,10,11.5,33.3,1019.3,
2020-05-31,23.4,19.7,26.2,,,128,8.6,25.9,1019.7,
2020-06-01,24.2,22.9,26.5,0,,149,16.9,33.3,1020.7,
2020-06-02,22.7,21,24,0,,140,20.9,37,1020.4,
2020-06-03,23.2,21.9,25,9.9,,136,22,40.8,1021.2,
2020-06-04,23.3,22,25,0,,119,22.8,38.9,1022.1,
2020-06-05,22.9,21.9,26,0.3,,119,15.8,33.3,1021.2,
2020-06-06,21.6,18.5,25,1,,215,13,31.5,1019.5,
2020-06-07,21.5,20,23,7.9,,156,27.8,50,1020.3,
2020-06-08,21.5,19,23.2,1,,123,26.2,46.3,1021.2,
2020-06-09,22.1,20,24,1,,130,22.9,40.8,1020.4,
2020-06-10,22.4,21,24,0.3,,134,24.7,48.2,1020.8,
2020-06-11,22.4,21,24,3,,126,25.4,48.2,1021.2,
2020-06-12,23.1,21,25,0.3,,122,22.7,42.6,1019.6,
2020-06-13,23.2,21,25.2,6.1,,101,15,35.2,1018.3,
2020-06-14,23.4,21.7,26,1,,113,11.7,29.6,1019.3,
2020-06-15,22.9,22,25.3,1,,136,18.5,37,1020.8,
2020-06-16,22.4,21,24.4,0,,153,21.3,38.9,1020.3,
2020-06-17,21.3,20,23,3,,168,26.7,46.3,1020.3,
2020-06-18,22.2,20,23.4,7.1,,140,25.6,51.8,1021.6,
2020-06-19,22.4,21,23.4,1,,129,23.7,44.5,1021.8,
2020-06-20,22.1,21,23,0.5,,120,23.2,44.5,1022.2,
2020-06-21,22.2,20,25.5,4.1,,102,25,44.5,1021.5,
2020-06-22,22.7,20.6,26,2,,99,17,38.9,1019.1,
2020-06-23,23,21,25,0.3,,124,13.1,29.6,1018.9,
2020-06-24,23.3,21.6,25.2,0,,114,17.7,35.2,1019.5,
2020-06-25,22.7,21,25,7.1,,117,23.1,42.6,1020,
2020-06-26,22.8,22,24.1,3,,116,25,46.3,1020.9,
2020-06-27,22.1,21.6,23.1,7.9,,96,19.8,42.6,1020.7,
2020-06-28,22.6,20.9,25,8.9,,85,16,35.2,1019.7,
2020-06-29,21.7,20,25.2,3,,84,12.4,31.5,1018.9,
2020-06-30,21.3,18,25,2,,73,7.6,25.9,1017.5,
2020-07-01,21.7,16.9,25,0,,227,10.8,29.6,1017.9,
2020-07-02,22.2,21,24,,,156,20.9,40.8,1019.2,
2020-07-03,22.3,20,24.4,2,,112,21.1,40.8,1020.6,
2020-07-04,21.7,19,24.1,0.8,,110,16.6,33.3,1020.6,
2020-07-05,22.4,21,24,1,,127,16,38.9,1019.5,
2020-07-06,23.1,22,24.1,4.1,,107,16.2,37,1018.4,
2020-07-07,23.3,22,26.4,4.1,,104,14.5,33.3,1019.5,
2020-07-08,22.7,21.8,25,3,,125,17.9,35.2,1021.7,
2020-07-09,22,20,24,0,,133,23.2,42.6,1022.7,
2020-07-10,21.7,19.7,23.4,4.1,,118,29.1,50,1023.8,
2020-07-11,21.5,18.8,24.5,1,,106,28.5,48.2,1024.2,
2020-07-12,22.5,21,25,1,,96,29,46.3,1022.4,
2020-07-13,22.5,21,25,1,,93,25.7,44.5,1018.7,
2020-07-14,22.7,20,25,2,,87,12.7,33.3,1018.6,
2020-07-15,22.9,21.4,26,1,,96,21.1,38.9,1020.7,
2020-07-16,21.8,19,24.1,7.1,,134,12.6,33.3,1019,
2020-07-17,22.3,19.9,25,0.5,,165,17.8,33.3,1017.7,
2020-07-18,21.7,20.9,24,0.3,,169,23.3,40.8,1020,
2020-07-19,20.7,19,23,0.3,,145,23.9,42.6,1021.9,
2020-07-20,21.4,19,23.2,0.8,,122,20.9,42.6,1021.6,
2020-07-21,21.4,19,23.4,0,,129,19,40.8,1020.5,
2020-07-22,20.4,18,22.2,,,158,22.6,38.9,1018.8,
2020-07-23,20.9,19,23.4,0.3,,156,24.8,46.3,1018.9,
2020-07-24,20.7,18,22,1,,136,27.7,51.8,1020.9,
2020-07-25,20.6,18.8,22.2,0,,138,25.2,48.2,1022.8,
2020-07-26,21.2,20,22.9,,,112,26.1,48.2,1023,
2020-07-27,21.8,21,24.2,0.3,,92,20.9,40.8,1020.9,
2020-07-28,21.7,17.8,25,0,,112,10.6,27.8,1020,
2020-07-29,22.6,20,25,,,102,16,35.2,1020.4,
2020-07-30,22.6,21,25,,,99,14.7,31.5,1020.2,
2020-07-31,22.6,20.2,25,,,127,10.1,24.1,1019.8,
2020-08-01,22.6,19.5,25,,,149,15.9,33.3,1021.5,
2020-08-02,22,20,24,0.8,,148,24.8,38.9,1024,
2020-08-03,21.4,21,23,0,,148,24.6,44.5,1025.2,
2020-08-04,20.4,18.5,22,0.3,,127,25,46.3,1023.3,
2020-08-05,20.3,18,22.2,0,,113,18.8,38.9,1021.5,
2020-08-06,21.1,19,23,0,,113,16.8,35.2,1020.6,
2020-08-07,20.5,17.7,24,0.5,,101,13.4,35.2,1020.8,
2020-08-08,20.8,17,25,0,,286,10.4,22.2,1018.7,
2020-08-09,21.1,20,23.5,0.5,,171,22.6,44.5,1019,
2020-08-10,20.6,19,23,0,,118,17.2,35.2,1019.5,
2020-08-11,20.2,14,24,,,197,10.1,24.1,1019.3,
2020-08-12,21.9,20,24,,,151,12.7,31.5,1020,
2020-08-13,22.1,19.5,25,,,98,16.1,35.2,1019.7,
2020-08-14,21.9,19,25.6,,,88,9.5,25.9,1018.3,
2020-08-15,22.7,20,25,,,131,18.5,35.2,1019.5,
2020-08-16,22.9,21,25.2,,,100,27.6,44.5,1020.8,
2020-08-17,22.8,19,25.2,0.5,,96,21.8,38.9,1020.7,
2020-08-18,22.9,20,25.4,0,,104,23.6,42.6,1021.2,
2020-08-19,22.7,21.7,26,,,98,26.1,44.5,1020.9,
2020-08-20,22.4,20,25.5,0.8,,92,16.9,35.2,1020.1,
2020-08-21,21.8,16.7,25,0,,77,14.3,29.6,1021,
2020-08-22,22.4,20,25,,,113,15.4,31.5,1021.4,
2020-08-23,22.6,21,25,,,121,21.3,35.2,1021.6,
2020-08-24,22.6,21,24.4,0.3,,116,25.4,38.9,1021.5,
2020-08-25,22.6,21,25.6,0,,107,20.2,35.2,1022.2,
2020-08-26,22.4,20,25,,,102,20.2,35.2,1022.5,
2020-08-27,22.3,18.6,25,0.3,,84,18,35.2,1021.3,
2020-08-28,22.3,19.4,25.4,1,,81,13.7,31.5,1019.8,
2020-08-29,22.1,21,24,0.3,,122,20.3,38.9,1020.3,
2020-08-30,22.3,21,25,2,,115,25.8,42.6,1021.3,
2020-08-31,22.1,20,24.6,1,,114,26.4,44.5,1021.4,
2020-09-01,22.6,19,25,5.1,,117,21,40.8,1021.1,
2020-09-02,22.2,20,25,6.1,,161,13.4,31.5,1017.9,
2020-09-03,21.8,20,25.4,0.8,,252,16.3,33.3,1015.1,
2020-09-04,20.7,18,24,1,,232,23.9,46.3,1014.2,
2020-09-05,21.2,19,24,0.5,,205,23.9,40.8,1014.2,
2020-09-06,22.3,17.7,26,3,,90,14.8,31.5,1015.8,
2020-09-07,22.2,19,25.6,38.1,,55,13.4,33.3,1018.5,
2020-09-08,23.2,21,26,2,,95,17.7,38.9,1021.8,
2020-09-09,22.5,21,25,2,,115,27,44.5,1023.2,
2020-09-10,22.3,21,25,1,,115,26.1,44.5,1021.1,
2020-09-11,22.8,21,25.5,0.8,,85,23.6,42.6,1020.2,
2020-09-12,22.6,21,25,1,,113,16.2,33.3,1020.6,
2020-09-13,22.4,20,25,0,,140,13.8,31.5,1020.9,
2020-09-14,21.2,20,23.4,,,153,25.3,46.3,1022,
2020-09-15,20.1,18,23,,,118,22,42.6,1021.8,
2020-09-16,21.4,18,24,0.5,,80,19.4,37,1020.6,
2020-09-17,22.1,18,25,0.5,,89,19.4,38.9,1022.5,
2020-09-18,23.1,19,26,0,,102,18.1,37,1022.5,
2020-09-19,22.3,19,24.5,1,,121,20.3,38.9,1021.5,
2020-09-20,22.9,21.8,25,0,,117,20.6,38.9,1021,
2020-09-21,23.1,21,26,,,106,25.9,42.6,1021.5,
2020-09-22,22.5,21,25.4,,,102,19.6,38.9,1021.1,
2020-09-23,21.9,17,25,,,122,11.5,33.3,1019.4,
2020-09-24,21.3,17,25,,,120,9.9,31.5,1019.8,
2020-09-25,22.6,17,26,,,94,12.5,31.5,1020.4,
2020-09-26,22.5,20,26.1,,,88,21,37,1019.2,
2020-09-27,22.3,19.6,25,0,,76,17,37,1018.2,
2020-09-28,23.9,21,26.4,2,,79,16.3,35.2,1019.5,
2020-09-29,23.4,22,26,0,,107,15.8,35.2,1019.5,
2020-09-30,22.4,20,26,0,,56,14.2,37,1017.8,
2020-10-01,22.3,18,27,0,,4,9.2,27.8,1016.7,
2020-10-02,22.3,18,26.4,,,12,7.7,25.9,1016.2,
2020-10-03,23.1,17,27.5,,,265,11.7,29.6,1016.7,
2020-10-04,23.9,21,28.5,0,,152,10.7,29.6,1016.6,
2020-10-05,22.2,21,24,0,,148,12.2,33.3,1017.1,
2020-10-06,23.2,21,26,3,,22,11.1,33.3,1016.4,
2020-10-07,24.1,20,27.9,0,,30,14.9,33.3,1016.9,
2020-10-08,24.9,23,28.3,0.3,,61,21.2,44.5,1016.6,
2020-10-09,24.8,23,28,0.3,,59,17.6,38.9,1016.4,
2020-10-10,24.4,22,27.5,0,,87,10.8,33.3,1017.2,
2020-10-11,24.4,21.8,27.1,1,,84,10.5,31.5,1017.6,
2020-10-12,23.4,22,26.5,0,,101,12.3,35.2,1017.5,
2020-10-13,24.3,21,27,2,,84,15.7,37,1017.7,
2020-10-14,24.6,23,27.4,0,,70,15.7,35.2,1018.7,
2020-10-15,24.3,21,27,,,88,11.5,29.6,1018.9,
2020-10-16,23.7,21,28,0.5,,46,11.4,31.5,1017.1,
2020-10-17,24.1,20,27,0.3,,74,10.7,29.6,1016.3,
2020-10-18,24.3,19,27.2,0,,112,12.8,31.5,1016.9,
2020-10-19,24.8,23,27.1,,,122,18.7,38.9,1017.2,
2020-10-20,25,23,27.1,,,119,18.9,38.9,1017.5,
2020-10-21,24.8,23,27.5,,,114,19.5,38.9,1018.8,
2020-10-22,24.7,22,27.4,,,124,18.2,37,1019.3,
2020-10-23,24.6,22,27,2,,148,18.3,35.2,1018.7,
2020-10-24,24.1,23,27,0.5,,143,18.8,37,1018.2,
2020-10-25,23.6,21,26,4.1,,112,22.7,38.9,1018.1,
2020-10-26,24.4,22,27,1,,89,23.7,40.8,1018.1,
2020-10-27,23.9,21,27.4,0,,78,14.3,33.3,1017.3,
2020-10-28,24.3,20,28,,,109,12.7,27.8,1018,
2020-10-29,23.1,21,26.6,0,,149,21.5,44.5,1020.3,
2020-10-30,22.2,19.8,25.5,1,,145,28.7,50,1021.3,
2020-10-31,21.5,20,25,0,,171,21.8,44.5,1017.6,
2020-11-01,22.7,19,26,,,215,19.2,40.8,1016.5,
2020-11-02,22.5,18,25.2,,,190,14.5,33.3,1018.3,
2020-11-03,22.9,21,25.2,,,142,17.1,33.3,1020,
2020-11-04,23.3,20,26.4,,,130,16.5,35.2,1019.4,
2020-11-05,24.1,21,27,2,,105,13.9,33.3,1018.8,
2020-11-06,23.7,22,27,0,,115,16,37,1019.2,
2020-11-07,24.1,19,27.1,,,104,15,35.2,1020.2,
2020-11-08,24.4,22,27.5,0,,126,18.6,37,1020.9,
2020-11-09,23.9,22,27,3,,104,16.3,38.9,1020.6,
2020-11-10,24.3,22,27,0.5,,122,16.8,35.2,1018.4,
2020-11-11,24.7,22,27.2,0,,94,19.5,37,1016.7,
2020-11-12,24.9,21,29,,,66,17.4,38.9,1016.3,
2020-11-13,24.8,21,29,,,27,16.7,38.9,1014.5,
2020-11-14,24.1,22,27,1,,327,7.6,27.8,1012.5,
2020-11-15,23.1,22,24.7,31,,183,17.3,35.2,1013.7,
2020-11-16,23.6,22,26.6,0,,160,16.4,35.2,1014.7,
2020-11-17,23.6,22,25.2,,,143,16.7,33.3,1014,
2020-11-18,23.3,21,26.8,0.3,,155,17.1,33.3,1013,
2020-11-19,23.8,22,26,0.8,,162,15.9,33.3,1012.5,
2020-11-20,22.2,21,24,5.1,,101,7.2,29.6,1012,
2020-11-21,23.5,19,28,0.3,,271,14.9,27.8,1012.6,
2020-11-22,24.7,20,28,0,,135,12.1,29.6,1016.3,
2020-11-23,24.5,23,27,1,,132,13.6,33.3,1017.9,
2020-11-24,25.1,23,27,9.9,,104,19.5,35.2,1017.4,
2020-11-25,25.7,24,28,1,,98,20.7,37,1016.2,
2020-11-26,25.3,24,28,0,,96,23.2,38.9,1017.3,
2020-11-27,25,23,27.4,,,103,19.5,37,1017.4,
2020-11-28,24.7,23,27.4,0.3,,92,17.7,37,1015.9,
2020-11-29,25.4,23,28.4,5.1,,107,16.5,35.2,1014.7,
2020-11-30,25.9,24,28,0,,78,21.1,40.8,1013.9,
2020-12-01,26.1,24,28.4,,,78,20.5,35.2,1015,
2020-12-02,26.8,24,30,1,,72,17.5,37,1015.2,
2020-12-03,26.8,25,30,0,,77,16.2,37,1016.5,
2020-12-04,26.4,23.6,29.6,0,,94,15.5,35.2,1015.8,
2020-12-05,26.4,22.4,30.1,0,,107,12,33.3,1014.9,
2020-12-06,26.3,22.4,29,0,,101,12.2,33.3,1015.6,
2020-12-07,27,24,30,,,77,17.2,33.3,1015.2,
2020-12-08,26.6,23,30,,,138,12.4,29.6,1014,
2020-12-09,24.7,23,27,0.5,,137,23.8,38.9,1014.6,
2020-12-10,24.6,23.7,26.5,1,,117,20.9,38.9,1016,
2020-12-11,25.8,24,29,0.3,,122,18.3,35.2,1016.3,
2020-12-12,25.4,23,28,0,,125,19.6,35.2,1016.3,
2020-12-13,25.3,23.9,28.1,2,,141,20,38.9,1014.7,
2020-12-14,25.6,24,28,6.1,,132,19.2,35.2,1012.5,
2020-12-15,25.8,24,28.5,31,,102,22.7,38.9,1013.4,
2020-12-16,26.6,25,29.2,3,,105,20.9,38.9,1015.2,
2020-12-17,25.6,23,28,8.9,,81,17.8,37,1015.7,
2020-12-18,26.1,23,29,7.9,,85,21.5,37,1015,
2020-12-19,26.3,24,29,0,,73,13.5,35.2,1014.7,
2020-12-20,26.7,23.9,29.1,,,93,12.4,33.3,1015,
2020-12-21,26.7,25,29,,,117,15.8,33.3,1014.8,
2020-12-22,26.4,24,29,,,120,22.2,40.8,1014.1,
2020-12-23,25.9,25,29,0.8,,121,23.7,42.6,1012.8,
2020-12-24,26.6,25,28.7,1,,114,22,44.5,1011,
2020-12-25,26.9,25,29.6,3,,85,24.8,44.5,1010.7,
2020-12-26,26.6,25,30,0.8,,84,23.9,42.6,1012.7,
2020-12-27,26.1,24.4,28.6,6.1,,84,20.1,40.8,1014,
2020-12-28,26.4,23,29,3,,99,18,38.9,1014.5,
2020-12-29,25.8,23,28.4,0,,110,19.4,37,1013.6,
2020-12-30,26.3,24.7,29,8.9,,122,22.5,38.9,1013.7,
2020-12-31,26.8,24,29,5.1,,112,24.8,40.8,1015,
2021-01-01,25.8,24.9,28.1,,,100,23.3,40.8,1015.5,
2021-01-02,26.4,25,28.7,5.1,,120,20.6,37,1015.3,
2021-01-03,26.1,24,28.2,0,,124,22.2,35.2,1013.6,
2021-01-04,25.2,23,28,5.1,,103,19.6,31.5,1012.5,
2021-01-05,26.2,24,29,1,,106,17.1,35.2,1012.9,
2021-01-06,26.6,23,30,1,,110,17.3,33.3,1013.2,
2021-01-07,25.9,22,28.6,0,,110,14.8,33.3,1011.5,
2021-01-08,26.4,23.4,29,0,,123,17.5,33.3,1009.2,
2021-01-09,26.9,24.7,29.6,0,,139,16.7,35.2,1008.3,
2021-01-10,26.8,25,29.6,3,,158,15.1,35.2,1007.2,
2021-01-11,27.3,24.7,30.3,6.1,,93,18.7,31.5,1007.3,
2021-01-12,26.7,24.5,29.9,20.1,,67,26.8,42.6,1010.7,
2021-01-13,26.4,24.3,29.8,3,,72,18.9,38.9,1011.8,
2021-01-14,26.7,24,29.5,1,,83,12.2,33.3,1011.4,
2021-01-15,27.4,24.5,30.5,2,,72,12.9,29.6,1011,
2021-01-16,27.6,25.5,30.2,0,,101,15.9,35.2,1011.2,
2021-01-17,27.7,25.5,30.2,0.5,,106,18.7,35.2,1011,
2021-01-18,27.3,25,31.1,0,,75,22.9,44.5,1010,
2021-01-19,27.6,24.5,32.1,4.1,,45,15.8,38.9,1010.3,
2021-01-20,27.8,24.4,31.5,0,,28,10.9,35.2,1012.6,
2021-01-21,27.4,24.6,30.3,7.1,,59,15.6,37,1014.1,
2021-01-22,27.6,24.7,30.1,0,,88,12.7,31.5,1014.5,
2021-01-23,27.4,24.5,31.1,0,,80,10.4,31.5,1013.8,
2021-01-24,27.1,23.7,31,0,,92,7.7,27.8,1013.6,
2021-01-25,26.3,23,30.7,0.3,,23,6.7,27.8,1013.3,
2021-01-26,26.4,21,30.5,0.8,,20,9.2,25.9,1012.1,
2021-01-27,26.5,22,31,0,,4,10.3,29.6,1010.7,
2021-01-28,26.4,23,31,,,6,11.8,33.3,1012.4,
2021-01-29,28.1,24,32,0.3,,62,15,37,1014.6,
2021-01-30,27.9,26,31,0.5,,106,14.1,31.5,1014.8,
2021-01-31,28.3,26,31,2,,114,15.2,33.3,1014.1,
2021-02-01,27.9,26,30.4,1,,120,19.8,35.2,1014.7,
2021-02-02,28.5,27,31,0.8,,88,20,35.2,1014.8,
2021-02-03,27.7,26,31,0,,104,16.8,37,1014.3,
2021-02-04,27.6,24,30,3,,88,15.4,35.2,1014.5,
2021-02-05,27.4,24,30.2,0,,94,15.9,33.3,1014.2,
2021-02-06,26.6,23.7,30,4.1,,60,12.5,35.2,1012.7,
2021-02-07,28,24,31,2,,49,15.6,40.8,1012.1,
2021-02-08,28.1,26,31,0,,93,15.4,33.3,1013.3,
2021-02-09,26.7,24,29.7,,,93,11.1,33.3,1013.5,
2021-02-10,27.9,25,30.1,7.1,,101,13.1,33.3,1012.8,
2021-02-11,27.8,26,30,,,111,18.5,33.3,1012.6,
2021-02-12,27.3,25,30,,,107,16.4,33.3,1012.7,
2021-02-13,27.2,25,31,0,,118,19.8,35.2,1013.2,
2021-02-14,26.8,24,30,2,,109,11,31.5,1012.6,
2021-02-15,27.3,23,31,0,,20,10.2,33.3,1012.4,
2021-02-16,26.3,25,28.7,5.1,,35,10.1,35.2,1012.7,
2021-02-17,27.1,24,30,2,,341,8.3,24.1,1011.1,
2021-02-18,27.8,24,31.6,0,,28,7.9,24.1,1011.8,
2021-02-19,26.1,25,29,8.9,,28,10.5,29.6,1013.4,
2021-02-20,27.6,25,31,,,70,16.4,37,1014.1,
2021-02-21,25.4,25,30,,,92,16.6,38.9,1014.4,
2021-02-22,26.9,24,30,16,,87,16.3,35.2,1014.2,
2021-02-23,27.7,25,30.4,0.5,,115,17.6,33.3,1013.7,
2021-02-24,27.2,25,30,4.1,,111,16,31.5,1012.8,
2021-02-25,26.3,22,29.3,0.8,,78,11.6,31.5,1012.3,
2021-02-26,27.1,23.5,30,8.9,,67,17.6,38.9,1012.4,
2021-02-27,27.3,25,30,0.5,,82,17.8,37,1011.3,
2021-02-28,26.3,24.3,29.4,2,,95,13.2,33.3,1010.4,
2021-03-01,26.7,23,30,7.9,,100,9.7,29.6,1011.2,
2021-03-02,27.2,25.9,30,0.5,,139,15.6,31.5,1011.7,
2021-03-03,26.9,25,30.3,1,,138,12.8,29.6,1010.3,
2021-03-04,26.6,24,30,0.5,,16,15.3,27.8,1009.6,
2021-03-05,26.3,23,31,0,,352,9.2,25.9,1010.5,
2021-03-06,28,23,32.4,,,4,12.4,33.3,1009.5,
2021-03-07,26.7,26,29.5,9.9,,351,19.8,46.3,1005.2,
2021-03-08,27.3,24.6,30.3,3,,244,12,29.6,1006.4,
2021-03-09,27.1,24.6,30,1,,221,7.3,24.1,1010.1,
2021-03-10,27.6,24,30.8,0,,128,11.4,29.6,1011.9,
2021-03-11,27.7,26,30,,,143,17.7,31.5,1012.4,
2021-03-12,27.1,24,30,3,,126,15,29.6,1012.7,
2021-03-13,28,26,30.6,0,,137,16,31.5,1012.7,
2021-03-14,26.2,24,29.1,,,126,13.2,27.8,1011.9,
2021-03-15,25.8,24.5,29,,,78,10.8,29.6,1012.1,
2021-03-16,27.5,25,30,,,110,14.7,29.6,1012.6,
2021-03-17,26.9,23.7,30,,,115,16.5,22.2,1012.7,
2021-03-18,26.5,23,29.2,,,103,10.9,31.5,1012.9,
2021-03-19,26,22,30,,,79,10,29.6,1012.8,
2021-03-20,26.8,24,29.6,,,123,17.7,29.6,1012.3,
2021-03-21,27.4,26,30,,,100,19.4,29.6,1012.1,
2021-03-22,27.6,26,30.2,,,82,15.4,31.5,1013.2,
2021-03-23,27.4,23.7,30.8,,,43,10.3,27.8,1014.4,
2021-03-24,26.7,24.5,30,,,16,8.3,29.6,1012.4,
2021-03-25,26,23,31,,,351,10.2,29.6,1010.3,
2021-03-26,26.4,23,30,,,320,7.6,,1010.8,
2021-03-27,26,23,30,,,328,7.7,,1011.1,
2021-03-28,26.7,22.9,31,,,341,7.9,,1011.5,
2021-03-29,26.2,23,30,,,343,8.2,,,
2021-03-30,25.5,23,31,,,337,10.2,,,
2021-03-31,26.5,22,31,,,16,8.7,,1013.5,
2021-04-01,26.8,24,30,,,133,9.3,,1015.7,
2021-04-02,26.8,24,30,,,135,11.3,,1015.8,
2021-04-03,27.4,24,30.4,,,68,12.6,,1015.3,
2021-04-04,27.3,25,30,,,81,14.4,,,
2021-04-05,27.8,26,31,,,63,20.4,,1014.3,
2021-04-06,27,24,30,,,45,8.6,,1014.7,
2021-04-07,26.9,23.7,30.1,,,47,12.1,,1016.4,
2021-04-08,27.2,25,30,,,84,17.4,,1015.9,
2021-04-09,26.1,23,29,,,73,17.7,,1014.3,
2021-04-10,25.7,22,29,,,56,16.1,,1014.9,
2021-04-11,27,25,29,,,85,17,,1016.4,
2021-04-12,25.4,22.6,29.2,,,46,11,,1016.9,
2021-04-13,26.4,23.4,29,,,63,7.9,,1016.6,
2021-04-14,26.9,25,30,,,83,17.5,,1016.2,
2021-04-15,26.6,24.4,29,,,57,12.4,,1014.9,
2021-04-16,24.5,22,26.4,,,55,14.1,,1013.2,
2021-04-17,27.6,24.9,32,,,357,11.6,,1013.4,
2021-04-18,25.4,24,27,,,176,16.8,,1017.3,
2021-04-19,27,25,29.4,,,106,16.7,,1017.2,
2021-04-20,26.8,24.9,29.2,,,49,4,,1015.8,
2021-04-21,25.6,23,28.2,,,124,12.7,,1016.1,
2021-04-22,25.8,25,27.4,,,101,10.8,,1016.9,
2021-04-23,25.4,22,27,,,124,13.4,,1016.7,
2021-04-24,25.9,24.1,26.8,,,125,20.1,,1016.2,
2021-04-25,26.1,24,28,,,121,24.3,,1017.3,
2021-04-26,25.4,24,26.8,,,118,22.6,,1016.8,
2021-04-27,24.5,23,26,,,106,20,,1016.3,
2021-04-28,24.8,23.9,26.2,,,96,22.9,,1017.5,
2021-04-29,25,23,27,,,95,22.1,,1017.4,
2021-04-30,26.1,25,28.4,,,96,22.7,,1016.8,
2021-05-01,25.6,23,28.1,,,91,15.7,,1015.4,
2021-05-02,25.5,22,29,,,9,9,,1013.9,
2021-05-03,26,23,29.1,,,20,11.4,,1013.6,
2021-05-04,26.4,24,29,,,28,12.8,,1013.3,
2021-05-05,25.5,22.9,29.1,,,349,9.6,,1013.1,
2021-05-06,24.2,22,29,,,323,7.3,,1012.3,
2021-05-07,24.4,21.1,28,,,234,12.4,46.3,1012.3,
2021-05-08,24.2,22,27.1,,,200,11.5,33.3,1012.4,
2021-05-09,23.7,19,27,,,134,12.8,37,1014,
2021-05-10,23.6,18.9,27,,,61,9.8,37,1014.8,
2021-05-11,24.2,21,28.3,,,25,13.3,38.9,1016.5,
2021-05-12,23.9,20,28,,,65,12.8,37,1017.9,
2021-05-13,25.7,24,28,,,109,17.7,46.3,1018.6,
2021-05-14,25.9,24,28,,,114,20.1,51.8,1018.8,
2021-05-15,25.4,24,27.2,,,122,21.1,57.4,1018.7,
2021-05-16,25.2,22,28,,,101,21.8,55.5,1018.1,
2021-05-17,25.6,24,28,,,92,18.3,51.8,1017.8,
2021-05-18,24.8,22,28.6,,,105,11.3,42.6,1017,
2021-05-19,23.6,21,27,,,164,9.5,38.9,1015.4,
2021-05-20,23.4,22,25,,,166,28.3,66.7,1016,
2021-05-21,23.6,21,30,,,149,27.3,64.8,1018.1,
2021-05-22,23.1,20,25.1,,,163,21.8,61.1,1016.8,
2021-05-23,23.3,20,26,,,173,15.9,48.2,1015.8,
2021-05-24,23,21,25.2,,,123,13.7,40.8,1017.4,
2021-05-25,23.4,22,25.4,,,134,11.8,35.2,1018.5,
2021-05-26,23.4,19.9,26.2,,,46,6.2,33.3,1017.7,
2021-05-27,23.8,21,27,,,250,8.1,27.8,1017.3,
2021-05-28,23.9,22,27,,,218,6.3,25.9,1018.3,
2021-05-29,24.2,22,26,,,150,7.4,29.6,1019.1,
2021-05-30,24.8,22,28,,,16,11.4,31.5,1020.3,
2021-05-31,23.5,20,27.1,,,49,12.2,33.3,1019.8,
2021-06-01,22.6,19,26.5,,,7,11.2,38.9,1018.8,
2021-06-02,24.5,22,28,,,107,19,50,1019.8,
2021-06-03,25.1,23,28,,,105,23.2,53.7,1020.7,
2021-06-04,23.2,21,27,,,86,17.4,50,1020,
2021-06-05,23.9,21,27.1,,,47,19.2,46.3,1017.3,
2021-06-06,23.2,19,27,,,245,13.4,25.9,1017,
2021-06-07,23.5,22,25.7,,,179,19.6,55.5,1018.7,
2021-06-08,22.6,21,24.2,,,169,20.7,59.3,1020,
2021-06-09,22.3,19.9,25,,,144,19.5,51.8,1019.2,
2021-06-10,23.8,22,25.1,,,129,19.5,53.7,1018.4,
2021-06-11,24.1,23,26,,,114,24.2,53.7,1018.8,
2021-06-12,24.3,23,25.3,,,107,23.4,55.5,1020.2,
2021-06-13,24.4,23,27,,,94,24.4,50,1020.6,
2021-06-14,23.6,21.5,26.2,,,90,21.3,48.2,1019,
2021-06-15,23.2,19.7,27.1,,,330,11.3,33.3,1016,
2021-06-16,22.3,20,25,,,185,14.5,27.8,1018,
2021-06-17,22.3,20,25,,,114,17.6,48.2,1020.2,
2021-06-18,22.7,20,26,,,96,16.1,48.2,1021.2,
2021-06-19,22.2,18.8,25,,,136,13,40.8,1021.9,
2021-06-20,22.5,20,24.5,,,159,23.7,50,1023,
2021-06-21,21.5,20.2,23,,,146,24.4,48.2,1023.2,
2021-06-22,20.7,18.9,23,,,162,15,42.6,1022.2,
2021-06-23,22.1,19,25,,,123,19.2,46.3,1022.2,
2021-06-24,22,20,25,,,127,18.6,44.5,1022.6,
2021-06-25,22.2,19.3,25.4,,,85,15.9,40.8,1020.8,
2021-06-26,20.7,18.5,23.1,21.1,,40,15.2,42.6,1019.9,
2021-06-27,23.4,21,26,,,62,16.5,40.8,1020.7,
2021-06-28,23.2,21,25.4,,,96,17.3,46.3,1021.8,
2021-06-29,22.8,21,25,,,116,20.1,48.2,1021.8,
2021-06-30,23.4,22,25,,,116,19.4,46.3,1021.9,
2021-07-01,23.2,21,25,,,112,22.8,51.8,1022,
2021-07-02,23.2,22,25.1,,,115,19,42.6,1021.6,
2021-07-03,22.5,20.9,25,,,106,18.7,40.8,1020.9,
2021-07-04,23.1,21.5,25.1,,,121,20.6,44.5,1022,
2021-07-05,23.4,22,25.5,,,102,22.4,46.3,1021.8,
2021-07-06,23.1,21,26,,,111,18.8,44.5,1020.4,
2021-07-07,22.3,21,24.8,,,115,22.4,51.8,1020.6,
2021-07-08,23.3,21,26,,,114,22.3,48.2,1022.1,
2021-07-09,22.7,21,24,,,117,29.5,61.1,1023.8,
2021-07-10,23.2,21.9,25.2,,,100,31.2,59.3,1023.7,
2021-07-11,22.4,20,25,,,108,27.8,55.5,1023.8,
2021-07-12,21.7,20,24.2,,,113,23.9,51.8,1023.8,
2021-07-13,22.2,21,24,,,121,24.4,55.5,1023,
2021-07-14,21.9,20.6,23.2,,,109,21.2,51.8,1022.4,
2021-07-15,21.7,17,25,,,100,18.8,50,1021.4,
2021-07-16,22.1,19.9,25,,,102,21.3,50,1021.7,
2021-07-17,22.2,21,24,,,108,24.5,59.3,1021.7,
2021-07-18,22.2,20,25,,,94,22.2,51.8,1021.6,
2021-07-19,22,19,25,,,106,17.7,48.2,1022.8,
2021-07-20,21.9,21,24,,,119,25.6,55.5,1025.5,
2021-07-21,21.9,20,25,,,110,25,55.5,1026.4,
2021-07-22,21.6,18,24,,,99,22.2,51.8,1025,
2021-07-23,22.3,20,25,,,90,20.4,48.2,1022,
2021-07-24,21.6,18.4,25,,,120,12.6,37,1020.8,
2021-07-25,22.5,21,25,,,125,18.7,48.2,1021.1,
2021-07-26,21.5,19,24.3,,,139,18.4,44.5,1021.3,
2021-07-27,20.9,18.8,24,,,124,18.8,44.5,1019.9,
2021-07-28,20.9,19,23.7,,,111,28.1,57.4,1020.4,
2021-07-29,21.9,19,24.1,,,114,29.5,61.1,1024.3,
2021-07-30,21.7,19.1,24,,,116,24.7,55.5,1025.3,
2021-07-31,22.1,20,24,,,128,21.1,50,1026,
2021-08-01,22.1,21,24,,,110,24.6,55.5,1025.1,
2021-08-02,20.9,16,25,,,84,15.7,42.6,1022.7,
2021-08-03,19.5,14.2,24.1,,,243,17.2,27.8,1022,
2021-08-04,21.2,20,23,,,157,22.3,51.8,1024.4,
2021-08-05,21.2,20,23.2,,,122,21.8,51.8,1025.3,
2021-08-06,20.8,18,24,,,99,18,46.3,1023.3,
2021-08-07,21.9,20,25,,,90,18.6,42.6,1021.4,
2021-08-08,20.9,18.5,24,,,106,8.8,44.5,1020.2,
2021-08-09,21.4,19,26,,,47,9.8,37,1018.8,
2021-08-10,21.9,19.5,25.5,,,30,10.4,27.8,1019.1,
2021-08-11,22.1,19.1,25,9.9,,85,8.1,31.5,1020.3,
2021-08-12,22.9,21,25,,,77,19,44.5,1022.5,
2021-08-13,22.3,18,25.1,,,73,14.6,35.2,1022,
2021-08-14,21.2,16.7,24.5,,,227,14.7,29.6,1020.5,
2021-08-15,21.1,19,22.8,,,169,20.9,46.3,1020.9,
2021-08-16,21.2,19,23.5,1,,133,19.6,51.8,1023.1,
2021-08-17,21.6,19.7,24,,,135,22.7,53.7,1024.6,
2021-08-18,21.9,20,24,,,109,22.2,53.7,1023.3,
2021-08-19,22.3,20,25,,,82,19.4,46.3,1021.1,
2021-08-20,22.1,19.3,25,,,65,14.9,38.9,1019.8,
2021-08-21,22.1,20,26,,,40,9,25.9,1019.5,
2021-08-22,21.3,18,25,,,216,12.8,27.8,1019.1,
2021-08-23,21.1,17,24,,,146,15.6,44.5,1019.9,
2021-08-24,21.6,20,24,,,115,21.8,51.8,1021.3,
2021-08-25,21.3,19.2,24.1,,,100,16.9,44.5,1020.5,
2021-08-26,21.5,16.4,24.1,,,123,14.3,40.8,1019.2,
2021-08-27,21.1,19,22,,,124,28.1,59.3,1018.7,
2021-08-28,22.1,20,24,,,100,31.5,63,1019.5,
2021-08-29,21.7,21,23,,,85,28.8,59.3,1018.6,
2021-08-30,22.5,21,25,,,81,21.1,46.3,1017.7,
2021-08-31,22.3,20,25,,,98,14.4,38.9,1019.1,
2021-09-01,22.6,21,25,,,114,17.3,46.3,1020.8,
2021-09-02,22.5,21,25,,,119,21.2,48.2,1021.1,
2021-09-03,22.4,21,24.8,,,124,20.7,50,1021,
2021-09-04,22.8,21,25,,,136,21.9,55.5,1022.3,
2021-09-05,22.5,21,24.5,,,126,23.4,55.5,1023,
2021-09-06,22.1,21,24,,,119,23.1,57.4,1023.8,
2021-09-07,21.3,19.7,23.6,,,108,25.6,57.4,1024,
2021-09-08,21.1,19,24,,,91,18.8,59.3,1023.1,
2021-09-09,21.3,19,23,,,91,13.3,42.6,1022.2,
2021-09-10,22.1,19,25,,,104,11,35.2,1023.1,
2021-09-11,22.5,21,25,,,125,19.1,48.2,1024,
2021-09-12,22.7,20,25.2,,,116,28.9,59.3,1023.9,
2021-09-13,22.2,21,24,,,104,29.1,55.5,1023.7,
2021-09-14,22.5,20,25,,,106,19.5,51.8,1022.3,
2021-09-15,21.9,18,26,,,83,14,46.3,1021.1,
2021-09-16,22.1,20,24,,,93,11.5,40.8,1019,
2021-09-17,22.6,20,25.4,,,32,13.2,37,1016.1,
2021-09-18,22.9,19,28,,,325,11.1,27.8,1013.9,
2021-09-19,21.9,19,24,,,215,16.5,42.6,1016.9,
2021-09-20,21.4,19,24,,,139,18.9,50,1020.9,
2021-09-21,21.9,20,24,,,117,18.2,53.7,1022.5,
2021-09-22,21.6,19,25,,,95,15.8,46.3,1020.5,
2021-09-23,22.7,21,25.4,,,110,18.7,44.5,1020.5,
2021-09-24,23,21,26,,,113,20.9,50,1022.1,
2021-09-25,22.7,19,25.6,4.1,,125,21.7,53.7,1022.2,
2021-09-26,22.9,21,26,,,113,21.4,55.5,1020.9,
2021-09-27,22.8,20,25.6,,,105,25.2,53.7,1021,
2021-09-28,22.6,20.9,25.5,,,105,22.8,51.8,1021.8,
2021-09-29,23.3,21,26,,,105,22.3,50,1021.6,
2021-09-30,23.4,22,26.4,,,112,21.5,50,1021.4,
2021-10-01,23,22,25,,,112,22,48.2,1020.4,
2021-10-02,23.6,22,26,,,108,23.2,48.2,1019.6,
2021-10-03,22,20.4,25,,,89,22,48.2,1020.2,
2021-10-04,22.4,20,25,,,91,18.1,44.5,1018.5,
2021-10-05,22.1,19,26.1,,,7,12.3,31.5,1017,
2021-10-06,21.5,19,26,,,350,12,27.8,1014.9,
2021-10-07,22.8,19,26.7,,,244,13.7,27.8,1013.4,
2021-10-08,22.2,19,25,,,183,11.4,42.6,1016.2,
2021-10-09,23,20.7,26,,,127,18.2,51.8,1019.2,
2021-10-10,22.9,21,26,,,113,19.4,53.7,1019.4,
2021-10-11,23,22,24.7,,,70,15.9,48.2,1017.4,
2021-10-12,24,20,27.2,,,47,12.2,35.2,1017.7,
2021-10-13,23.6,21,26.1,,,43,10.9,35.2,1018.6,
2021-10-14,23.7,21,26.6,,,91,13.1,44.5,1019.9,
2021-10-15,23.9,22,26.4,,,114,16.5,46.3,1019.6,
2021-10-16,23.5,21,26.2,,,98,24.7,51.8,1019.3,
2021-10-17,23.4,20,25.2,,,85,21.9,48.2,1020.3,
2021-10-18,24.4,22,27,,,87,24.1,48.2,1020.7,
2021-10-19,24.3,22,27,,,85,21.6,46.3,1020.5,
2021-10-20,23.9,20.8,27.1,,,72,15,38.9,1020,
2021-10-21,23.8,22,26,,,63,16.5,38.9,1017.7,
2021-10-22,24.4,22,27.2,,,34,16.2,35.2,1017.4,
2021-10-23,24.5,22,27.1,,,56,19.4,40.8,1019.6,
2021-10-24,24.7,23,28,,,71,20.8,40.8,1021.5,
2021-10-25,24.4,22,27.3,,,96,21.7,51.8,1022.1,
2021-10-26,24.1,21,27,,,104,24.3,53.7,1021.7,
2021-10-27,24,21,27,,,91,18,46.3,1018.9,
2021-10-28,23.4,19,27,,,17,17.6,31.5,1013.8,
2021-10-29,23.4,21,25,,,356,13.7,33.3,1012.1,
2021-10-30,23.8,22,26.9,,,253,9.5,31.5,1014,
2021-10-31,23,20,26,,,215,9,31.5,1016.9,
2021-11-01,23.5,19,27,,,99,12.1,33.3,1016.3,
2021-11-02,23.8,18.6,27.1,0,,87,13.9,35.2,1016.4,
2021-11-03,24.1,20.2,26.8,0,,115,11.7,35.2,1016.7,
2021-11-04,24.8,22,28.1,0,,93,12.5,35.2,1015.9,
2021-11-05,24.4,20,28,,,176,10.8,33.3,1015.2,
2021-11-06,25.3,22,28,,,145,13.5,40.8,1015.1,
2021-11-07,25.6,23,28,,,129,15.2,44.5,1015.7,
2021-11-08,25.2,24,27,,,130,16.3,44.5,1016.5,
2021-11-09,25.9,24,29,,,102,15.6,40.8,1017.4,
2021-11-10,25.1,21,28,,,106,11.4,38.9,1016.9,
2021-11-11,25.4,23,28.5,,,84,14.4,35.2,1014.7,
2021-11-12,25.4,22,29,,,36,14.1,35.2,1016,
2021-11-13,25.3,21,28.6,,,52,14.9,38.9,1018,
2021-11-14,26,23.7,29,,,85,19.4,42.6,1019.1,
2021-11-15,26,23.8,29.1,,,68,15.3,40.8,1017.7,
2021-11-16,25.7,23,29,,,65,13.2,40.8,1015.9,
2021-11-17,25.7,23,28.5,,,90,16,42.6,1017.2,
2021-11-18,26.2,24,29,,,97,23.1,51.8,1018.2,
2021-11-19,25.6,22,29,,,96,19.6,48.2,1016.7,
2021-11-20,25.7,24,28.4,,,80,19.1,46.3,1015.3,
2021-11-21,25.5,23,29,,,49,15,38.9,1014.9,
2021-11-22,25.7,22,29,,,93,9.6,33.3,1015.4,
2021-11-23,25.4,22,28.7,,,89,9.9,33.3,1014.3,
2021-11-24,25.6,21,30,,,15,18.4,31.5,1012.8,
2021-11-25,25.6,22,29.1,,,27,15.4,27.8,1013.8,
2021-11-26,26.1,19.5,30,,,35,8.5,25.9,1015.3,
2021-11-27,26,22,30,,,17,14.8,31.5,1014.8,
2021-11-28,26,22,29.6,,,19,13.6,31.5,1015.3,
2021-11-29,26,22,30,,,27,9.9,29.6,1015.6,
2021-11-30,26,21,30,,,113,9.3,38.9,1015.7,
2021-12-01,26.8,25,29.6,,,151,13.2,44.5,1016,
2021-12-02,27,25,29.9,,,120,15.4,46.3,1016.7,
2021-12-03,26.9,24,30.2,,,104,14.1,42.6,1018.2,
2021-12-04,26.9,24,30,,,78,15.1,44.5,1019.5,
2021-12-05,27.1,24.9,29.6,,,90,15.1,44.5,1019.4,
2021-12-06,27.1,25,30,,,104,17.9,48.2,1019.2,
2021-12-07,27,25,30,,,112,15.5,48.2,1018.9,
2021-12-08,26.9,25,30,,,112,16.2,48.2,1017.4,
2021-12-09,26.6,23,30,,,85,14.1,42.6,1017.2,
2021-12-10,25.9,22,29,,,99,12,44.5,1016.7,
2021-12-11,26.5,22,30,,,82,14.9,42.6,1017.2,
2021-12-12,26.7,24.3,30,0.3,,106,19.1,48.2,1018.4,
2021-12-13,25.6,23,29,,,83,14.1,51.8,1016.6,
2021-12-14,25.8,23,28.2,,,103,16,59.3,1016,
2021-12-15,26,23,29.2,,,99,18.8,59.3,1016.5,
2021-12-16,25.9,23,29,,,86,16.8,61.1,1017.1,
2021-12-17,26.3,24,29.3,,,44,15.5,46.3,1015.5,
2021-12-18,26.6,23.9,30,,,342,11.8,33.3,1013.3,
2021-12-19,27,22.9,30.4,,,9,9.2,25.9,1012.5,
2021-12-20,26.7,24,31.3,,,266,10.8,25.9,1013.5,
2021-12-21,26.9,25,30,,,148,14.3,35.2,1016,
2021-12-22,26.2,24,28,,,87,24.9,38.9,1015.6,
2021-12-23,27.5,25,31,,,5,14.8,35.2,1013.7,
2021-12-24,27.9,24,31.6,,,355,10.3,29.6,1013,
2021-12-25,27.8,24,32.4,,,351,10.5,24.1,1013.4,
2021-12-26,27.1,24,32.1,,,344,9.6,20.4,1013.8,
2021-12-27,25.6,23.9,27,,,140,11.4,31.5,1014.6,
2021-12-28,26.7,24,29.5,,,119,13.1,38.9,1014.2,
2021-12-29,26.6,25,29,,,113,19.7,48.2,1013.2,
2021-12-30,26.2,23.6,29,,,107,20.1,53.7,1013.6,
2021-12-31,26.4,24,29,,,113,15.4,51.8,1014.4,
2022-01-01,25.9,24,28.1,,,81,14.8,46.3,1014.3,
2022-01-02,26.4,24,29,,,84,14.8,42.6,1013.3,
2022-01-03,25.5,21,29,,,99,13.2,40.8,1012.9,
2022-01-04,26.5,25,29,,,111,15.6,38.9,1014.4,
2022-01-05,26.7,25,28.5,,,100,14.2,38.9,1015,
2022-01-06,25.8,23,30,0,,8,12.9,35.2,1013.8,
2022-01-07,25.5,24,28.2,,,12,10.9,33.3,1013.5,
2022-01-08,25.1,23.8,29,,,10,7.1,31.5,1013.1,
2022-01-09,26.3,22.4,30,25.9,,357,12.5,35.2,1012.3,
2022-01-10,25.4,23,28,,,3,10.5,35.2,1012.7,
2022-01-11,25.9,23,28,,,73,16.2,42.6,1014.3,
2022-01-12,26.8,24.2,29,,,80,21.4,42.6,1015.1,
2022-01-13,26.9,24.9,29,,,69,14.3,40.8,1013.4,
2022-01-14,27.4,25,30.4,,,23,11.2,35.2,1011,
2022-01-15,28.4,25,33,,,4,10.7,33.3,1009.7,
2022-01-16,27.6,23,32,,,12,10.4,29.6,1009.4,
2022-01-17,27.8,24,31,,,351,7.2,27.8,1009.8,
2022-01-18,27.1,24,31.2,,,5,8.7,25.9,1010.5,
2022-01-19,27.4,26,31,,,4,7.9,25.9,1009.4,
2022-01-20,27.5,25,31,,,22,14,31.5,1008.4,
2022-01-21,28.4,26.9,31,,,67,23.8,44.5,1009.9,
2022-01-22,28.8,27,31,,,69,25.3,48.2,1011.9,
2022-01-23,28.2,26,30.4,,,106,15.7,48.2,1012.3,
2022-01-24,26.3,25,28,,,142,15.2,51.8,1012.7,
2022-01-25,26.4,24.9,28.7,,,149,20.6,55.5,1013.3,
2022-01-26,25.9,23,28.2,,,162,14.8,55.5,1012.7,
2022-01-27,24.7,20,29,,,177,11.8,48.2,1011.2,
2022-01-28,26.5,22,29.6,,,150,9.7,44.5,1010.7,
2022-01-29,27.5,24,30,,,131,9.9,42.6,1011.5,
2022-01-30,27.9,26,30.1,,,150,17.3,46.3,1010.3,
2022-01-31,27.8,26,30,,,160,20.8,55.5,1008.8,
2022-02-01,26.7,26,28.1,,,160,30.2,70.4,1005.6,
2022-02-02,27.1,26,29,,,105,45.1,87,1000.9,
2022-02-03,26.4,25.5,27.1,,,65,44.4,90.8,1003,
2022-02-04,27.1,26,29,,,53,33.3,72.2,1006.6,
2022-02-05,27.2,26,29.4,,,55,28.9,57.4,1009.6,
2022-02-06,27.3,24,30,,,57,21.6,53.7,1012.1,
2022-02-07,26.9,24.9,29.1,,,77,13.2,44.5,1013,
2022-02-08,26.5,24,29.2,,,82,12.6,44.5,1012.2,
2022-02-09,26.3,23,29.1,,,94,8.8,40.8,1011.3,
2022-02-10,26.1,23,29,,,219,10.3,37,1009.7,
2022-02-11,26.7,24,30,,,222,9.3,35.2,1008.8,
2022-02-12,26.7,23,30,,,41,11.4,35.2,1009.8,
2022-02-13,27.8,25,30.4,,,109,16.5,46.3,1010.2,
2022-02-14,27.8,26,30.2,,,85,19.7,53.7,1010.2,
2022-02-15,27.8,26,30.2,,,105,14.2,50,1011.9,
2022-02-16,26.3,25,28,,,144,16,51.8,1010.8,
2022-02-17,27.2,25,29.1,,,148,20.2,53.7,1008.4,
2022-02-18,27.2,26,29,,,144,23.6,61.1,1007.6,
2022-02-19,27,25.6,29,,,130,29,75.9,1005,
2022-02-20,27.9,26,30,,,84,47.1,72.2,1004.3,
2022-02-21,27.7,27,29.5,,,57,43.2,68.5,1007,
2022-02-22,27.4,26,30,,,59,33.6,61.1,1009.7,
2022-02-23,27.6,25,30,,,51,20.2,42.6,1012.5,
2022-02-24,27.1,25,29.6,,,95,13.7,42.6,1013.9,
2022-02-25,26.8,24,30,,,192,9,38.9,1011.2,
2022-02-26,27.5,26,30,,,117,13,44.5,1009.8,
2022-02-27,26.3,23.4,29.2,,,57,8.3,40.8,1010.4,
2022-02-28,27.7,25,31,,,41,14.6,38.9,1011.4,
2022-03-01,26.9,24,30,,,31,13.3,42.6,1010.2,
2022-03-02,28,26,30,,,111,16.8,46.3,1008.6,
2022-03-03,26.7,25,29,,,58,20,42.6,1007.5,
2022-03-04,26.9,25,29.7,,,60,18.5,42.6,1009.6,
2022-03-05,27,25,28,,,91,16.6,50,1010.4,
2022-03-06,27.6,26,30,,,86,23.9,59.3,1010.7,
2022-03-07,27.4,26,30,,,82,21.3,55.5,1011.4,
2022-03-08,25.9,23.7,29,,,9,9.3,44.5,1011.4,
2022-03-09,26.7,24,29.1,,,60,8.5,38.9,1011.5,
2022-03-10,27.3,24,30,,,120,8.3,37,1011.5,
2022-03-11,27.3,25,30,,,136,12.7,38.9,1010.9,
2022-03-12,26.9,25,29.7,,,129,12.9,42.6,1009.9,
2022-03-13,26.6,24.6,30,,,80,17.1,48.2,1010.7,
2022-03-14,27.2,25,30,,,83,13.8,53.7,1012.4,
2022-03-15,26.5,24,29,,,93,9.8,40.8,1011.4,
2022-03-16,27.4,24.6,30.5,,,88,7.2,33.3,1010,
2022-03-17,27.5,25,30.4,,,67,6.4,35.2,1010.9,
2022-03-18,27,25,31,,,355,8.3,31.5,1011,
2022-03-19,26.5,24,31,,,341,5.4,22.2,1010.5,
2022-03-20,26.4,24,31,,,345,6,27.8,1011.2,
2022-03-21,26.1,24,28.2,,,138,8.3,29.6,1012.5,
2022-03-22,27.1,24,30.1,,,86,9.2,37,1013.9,
2022-03-23,27.8,26,30,,,100,14.6,46.3,1014.3,
2022-03-24,27.6,26,30,,,113,12.3,42.6,1013,
2022-03-25,27.4,25.8,30,,,119,9.4,33.3,1011.6,
2022-03-26,27.5,24,30.2,,,62,10.2,35.2,1011.9,
2022-03-27,27.2,24.9,30,,,92,7.4,33.3,1013.2,
2022-03-28,27,24,30,,,72,8,33.3,1012.9,
2022-03-29,25.9,21,29.4,,,102,8.6,25.9,1012.4,
2022-03-30,25.1,23.4,28.2,,,140,11.8,40.8,1013.4,
2022-03-31,26,24,28.2,,,126,27.4,55.5,1014.8,
2022-04-01,24.9,23,26,,,108,26.4,61.1,1014.8,
2022-04-02,24,23,26,,,77,24.9,63,1014.5,
2022-04-03,25.9,23,29,,,75,21.8,55.5,1013,
2022-04-04,26.8,26,28.2,,,72,19.8,50,1012.6,
2022-04-05,26,24,28,,,77,15.8,46.3,1014,
2022-04-06,26.4,25,29.3,15,,110,15.4,46.3,1014.6,
2022-04-07,26.6,23.6,29.2,0.3,,129,14,44.5,1014.5,
2022-04-08,24.9,23.6,26.5,2,,119,19.2,46.3,1014,
2022-04-09,26.3,22.7,29,38.1,,112,14.5,48.2,1013.9,
2022-04-10,26.1,24,29,,,122,16.7,50,1015,
2022-04-11,25.4,23.6,27.6,6.1,,128,19.2,55.5,1015.7,
2022-04-12,25.4,23,28.6,5.1,,118,21.4,59.3,1015.2,
2022-04-13,25.7,24,28.5,,,107,24.6,61.1,1014.7,
2022-04-14,26.1,23.6,28.5,6.1,,106,24.8,61.1,1016.3,
2022-04-15,25.8,24,29,0,,110,20.2,57.4,1017.6,
2022-04-16,26.2,23,29,1,,112,23.8,63,1016.3,
2022-04-17,25.6,24,27.2,5.1,,111,14.4,53.7,1014.1,
2022-04-18,26.1,23,29,,,62,13.5,50,1013.5,
2022-04-19,26.6,23.8,29.4,2,,61,15.7,44.5,1015.3,
2022-04-20,26.4,24.8,29.3,0.5,,48,13.2,38.9,1014.5,
2022-04-21,26.2,22.9,29.4,0,,50,10.2,31.5,1014.4,
2022-04-22,25.8,24,28.5,,,100,20.6,46.3,1016.4,
2022-04-23,25.2,23.9,28,,,115,24,57.4,1017.6,
2022-04-24,24.6,21.8,27.1,0.5,,115,26.6,59.3,1017.3,
2022-04-25,24.6,23,27,0,,114,21.9,61.1,1016.3,
2022-04-26,25.3,21.9,28,11.9,,111,17.2,55.5,1014.4,
2022-04-27,24.9,22.8,28,,,47,12.8,40.8,1011.2,
2022-04-28,24.1,20.3,28.6,0,,325,10.5,25.9,1011.1,
2022-04-29,24.4,21,28.6,0.3,,28,11.5,31.5,1014.6,
2022-04-30,25.4,21.5,28.2,0,,80,13.2,38.9,1016.3,
2022-05-01,25.2,24,28,0,,85,10.6,37,1016.1,
2022-05-02,24.9,21.4,28.3,0,,204,7.4,33.3,1015.1,
2022-05-03,25.2,22.4,27.4,5.1,,163,9.7,35.2,1016.4,
2022-05-04,26.1,22.6,28.4,0.5,,126,18.5,46.3,1018.6,
2022-05-05,25,24,27,0.5,,113,27.1,61.1,1019.6,
2022-05-06,25,23.6,26.2,,,115,26.3,63,1019.1,
2022-05-07,25.1,22,28.6,0,,97,17.5,55.5,1017.6,
2022-05-08,24.6,22,27.6,7.9,,127,13.9,46.3,1016.5,
2022-05-09,24.4,20.8,27.6,0.8,,252,7.3,33.3,1014.7,
2022-05-10,24.4,22,27.7,4.1,,12,13.5,35.2,1013.7,
2022-05-11,25,21.3,28.7,0.5,,3,11.5,31.5,1013.8,
2022-05-12,24.1,22,28.3,0,,259,6.1,22.2,1016.1,
2022-05-13,23.9,22,26.6,5.1,,177,11.7,35.2,1017.7,
2022-05-14,24.4,20.8,26.6,0,,155,10.7,37,1019.1,
2022-05-15,24.3,22.6,27,0,,139,12.1,37,1019.2,
2022-05-16,24.5,22.3,27,1,,120,19.5,48.2,1019.5,
2022-05-17,23.7,22,26.2,2,,141,18.7,46.3,1018.7,
2022-05-18,23.9,21,26.1,1,,139,15.8,50,1019.1,
2022-05-19,24.3,23,26,,,133,16.9,51.8,1019.7,
2022-05-20,23.6,22,26.4,4.1,,106,16.3,53.7,1019.9,
2022-05-21,24.2,20.9,27.6,13,,94,19.3,55.5,1020,
2022-05-22,23.8,20.7,27,,,119,14.1,48.2,1018.4,
2022-05-23,24.2,21.4,26,4.1,,122,16.8,48.2,1016.8,
2022-05-24,24.6,23,27.8,2,,101,17.7,48.2,1017.8,
2022-05-25,23.6,21,27.2,6.1,,38,11.9,33.3,1018.3,
2022-05-26,23.3,20,27.4,0,,16,8.5,24.1,1017.9,
2022-05-27,22.4,17.3,27.4,0,,260,9.7,22.2,1015.6,
2022-05-28,24.2,20,26.7,0,,195,17.6,33.3,1016.2,
2022-05-29,23.4,22.5,25.9,0,,146,23.1,40.8,1019.4,
2022-05-30,22.7,19,25.6,1.1,,119,21.6,40.8,1020.1,
2022-05-31,24,18.5,26.1,7.9,,111,22.9,42.6,1019.2,
2022-06-01,23.7,21.8,26.5,0.8,,74,20.1,37,1018.2,
2022-06-02,23.6,18.6,27.3,0,,58,11.3,,1018.2,
2022-06-03,24.1,22,26.6,1.6,,127,16.2,,1019.7,
2022-06-04,23.5,21,26,5.6,,120,24.8,,1020.4,
2022-06-05,22.8,20,26.1,9.9,,93,23.9,,1019.5,
2022-06-06,23.1,20.4,26.4,1,,83,11.9,,1018.8,
2022-06-07,22.9,21,25,5.7,,103,12.8,,1018.6,
2022-06-08,23.1,19.4,26,4.1,,139,8.4,,1017.2,
2022-06-09,22.3,20.8,24.2,1,,147,17.8,,1018.3,
2022-06-10,21.9,20.9,24,3.9,,118,19.9,,1020,
2022-06-11,22.9,20.6,25,8.3,,133,18.5,,1020.1,
2022-06-12,21.7,20,23.5,0,,126,20.1,,1020.3,
2022-06-13,22.9,21,25,6.9,,108,25.7,,1020.8,
2022-06-14,23.4,22,26.4,0,,95,25.6,,1021.2,
2022-06-15,22.5,20.5,25.6,0.3,,81,22.5,50,1020.3,
2022-06-16,23.4,20,26.6,7.1,,68,23.4,46.3,1018.6,
2022-06-17,21.5,18.5,26.1,0.5,,17,11.2,29.6,1017.2,
2022-06-18,21.3,15.8,26.2,0,,317,10.3,20.4,1017.1,
2022-06-19,22.1,18.5,25,2,,187,15.4,38.9,1018.6,
2022-06-20,21.5,18.9,24.7,5.1,,156,15.8,48.2,1020.3,
2022-06-21,21.7,19.2,24,6.1,,157,15.2,42.6,1018.5,
2022-06-22,21.4,16.4,24.6,0,,167,14.3,42.6,1017.4,
2022-06-23,21.4,18.6,23.7,0,,166,20.1,48.2,1020,
2022-06-24,21.8,20.5,24,0.9,,137,23.9,57.4,1023.2,
2022-06-25,22,20,24.7,0,,115,21.3,50,1022.7,
2022-06-26,21.6,19,23.5,0.6,,165,11.9,35.2,1022.2,
2022-06-27,21.3,15.1,24.3,0,,205,10.2,31.5,1022.1,
2022-06-28,21.6,20,24,2.1,,173,24.5,53.7,1023.2,
2022-06-29,21.3,19,24,2.1,,139,20.6,51.8,1023.3,
2022-06-30,19.9,16.5,23,6.1,,124,16.2,44.5,1023.7,
2022-07-01,20.6,19,23,2.5,,133,18,50,1024.1,
2022-07-02,21.9,18,24.1,2,,130,24.2,59.3,1024.6,
2022-07-03,21.5,19.5,24.4,1,,115,22.1,57.4,1024.7,
2022-07-04,21.2,19.1,24,4.1,,106,23.8,55.5,1024.2,
2022-07-05,21.3,18.6,24.2,2,,115,18.1,46.3,1022.5,
2022-07-06,20.8,18.1,22.4,0.5,,146,15.6,42.6,1022.2,
2022-07-07,21.6,20,23.5,0,,128,18.4,50,1023.3,
2022-07-08,21.4,19,24,2,,136,23.3,55.5,1025,
2022-07-09,20.4,18.1,22.7,2,,126,24.1,57.4,1025.3,
2022-07-10,21.2,18.3,23.6,0.8,,123,25.1,59.3,1025.2,
2022-07-11,21.9,18.9,25.1,1,,105,26.2,57.4,1025.3,
2022-07-12,22.1,20,25,1.1,,100,27.4,53.7,1026.3,
2022-07-13,21.4,19.7,24.4,0.5,,115,21.2,50,1024.1,
2022-07-14,21.3,18.1,24.4,2,,100,20.7,48.2,1021.3,
2022-07-15,21.1,17.7,24.2,3,,103,16.9,42.6,1020.6,
2022-07-16,22,19,25,3.2,,111,19,46.3,1021.8,
2022-07-17,21.1,19,23.4,0,,124,23.9,51.8,1023.6,
2022-07-18,20.5,18.8,22.4,6.1,,122,29.6,64.8,1025.3,
2022-07-19,21,17.3,23.3,3,,108,32.7,63,1026.8,
2022-07-20,21.2,18.4,23.6,1,,107,32,63,1027.5,
2022-07-21,20.9,17.3,24.2,2,,112,27.9,57.4,1025.2,
2022-07-22,21.1,20,23,7,,102,22.3,50,1024.1,
2022-07-23,21.4,18.5,24.3,7.9,,110,22.9,50,1022.8,
2022-07-24,20.9,19.9,24.3,0.5,,97,17.3,42.6,1021.2,
2022-07-25,20.4,15.4,24,0.5,,103,11.6,35.2,1020.3,
2022-07-26,21.3,19,24.9,0,,86,14.7,37,1020.1,
2022-07-27,21.2,18.2,24.5,2,,95,15.3,38.9,1018.9,
2022-07-28,21.4,19,24.6,0,,95,16.1,37,1019.5,
2022-07-29,21.7,19,24.3,3.6,,103,17.2,42.6,1021.2,
2022-07-30,21.1,19,24,6.4,,107,25.1,50,1022.9,
2022-07-31,22.1,20,25,1,,92,29,51.8,1022.2,
2022-08-01,20.8,19,24.1,0,,78,17.5,40.8,1022.3,
2022-08-02,21.3,18,24.5,7.9,,129,9.8,29.6,1021.1,
2022-08-03,21.2,18.4,24.4,0,,118,12.6,37,1021.6,
2022-08-04,21.8,20,24.5,1.6,,109,18.6,44.5,1022.6,
2022-08-05,21.9,19,25,4.1,,104,22.3,46.3,1022.5,
2022-08-06,21.4,17.5,25,1.4,,75,16.8,40.8,1020.9,
2022-08-07,21.6,20,25.4,0.3,,59,14,33.3,1020.1,
2022-08-08,20.8,17,25,0.5,,167,10,33.3,1021.5,
2022-08-09,21.9,20,25,5.1,,154,21.4,46.3,1022.3,
2022-08-10,21.1,19.6,23,1.4,,135,26.4,59.3,1023.4,
2022-08-11,20.7,17.9,23.5,0.3,,115,25.1,59.3,1024.3,
2022-08-12,20.1,18,23.4,0,,100,26.4,55.5,1024,
2022-08-13,20.3,18.2,23.4,5.1,,110,23.2,53.7,1023.2,
2022-08-14,21.1,19,24.2,0,,98,26.2,53.7,1023,
2022-08-15,21.3,18.1,24.6,2,,82,27.1,53.7,1021.7,
2022-08-16,21.8,18.5,25.1,0.8,,49,16.8,37,1020.5,
2022-08-17,21.1,19,25.1,0,,14,8.5,29.6,1020.4,
2022-08-18,21.7,16.6,25.6,0.5,,33,12.1,35.2,1021.2,
2022-08-19,22.3,19.4,25.4,0.5,,84,20.8,42.6,1022.5,
2022-08-20,22.6,20.5,25.8,0,,74,24.3,46.3,1022.6,
2022-08-21,22.1,19,26.1,0,,72,17.3,40.8,1023.4,
2022-08-22,22.3,17.8,25.3,0,,104,18.4,46.3,1023.1,
2022-08-23,22.7,19.9,25.1,0.8,,111,21.6,48.2,1024.2,
2022-08-24,22.1,19.9,25,0,,118,20.7,51.8,1023.9,
2022-08-25,21.7,20,24,5.6,,120,19.4,53.7,1022.2,
2022-08-26,21.8,19.6,24.5,1,,117,20.3,50,1021.6,
2022-08-27,22.1,18.9,24.6,1,,111,20.3,51.8,1021.2,
2022-08-28,22.6,21,25,7.6,,87,20.9,48.2,1020,
2022-08-29,22.4,19,25.2,1,,52,13.7,42.6,1019.6,
2022-08-30,20.9,17.6,25,0,,41,7.7,31.5,1020,
2022-08-31,21,18,25.6,0,,20,13.6,35.2,1017.6,
2022-09-01,21.3,17,26,0.9,,260,12.8,22.2,1016.6,
2022-09-02,21.7,18.5,24.5,0,,167,13.1,37,1019.5,
2022-09-03,21.3,18.4,24.8,2,,104,15.6,44.5,1020.8,
2022-09-04,22.1,19,25,5.1,,118,17.9,46.3,1021.7,
2022-09-05,21.9,19.4,24.4,0.5,,117,18.8,50,1022.9,
2022-09-06,21.7,20,25,0,,122,21.5,53.7,1022.8,
2022-09-07,22,19,25.6,1.3,,90,14.9,46.3,1021.3,
2022-09-08,22.2,19.8,25.1,0.8,,112,13.4,40.8,1021.2,
2022-09-09,22.1,20.5,24.8,0,,113,17.5,50,1022,
2022-09-10,22.1,20,25.4,0,,97,19.7,48.2,1022.1,
2022-09-11,22.3,20,25.5,0,,91,17.1,48.2,1021.4,
2022-09-12,22.2,19,25.1,1.1,,108,13.3,44.5,1020.4,
2022-09-13,21.1,17.1,25,0,,58,12.3,37,1020.7,
2022-09-14,22.5,18.8,26.8,0.5,,73,12.5,35.2,1022.6,
2022-09-15,22.8,20.8,25.6,0,,119,19.9,50,1024.3,
2022-09-16,22.4,20.4,25.7,0,,112,21.6,51.8,1023.1,
2022-09-17,22.5,21,25.5,2.8,,106,24.3,51.8,1022.2,
2022-09-18,22.7,20.3,25.4,1,,103,24.8,50,1022.8,
2022-09-19,22.3,18.6,25.6,0.3,,101,21.2,48.2,1022.9,
2022-09-20,21.6,19,24.7,0,,103,19.4,50,1021.9,
2022-09-21,22.5,19.8,25,3,,112,19.6,51.8,1021.7,
2022-09-22,22.7,20.5,25.7,7.1,,98,23.9,50,1022.6,
2022-09-23,22.9,21,26,7.7,,93,25.3,53.7,1023.4,
2022-09-24,22.3,19.2,25.4,0.8,,106,24.9,51.8,1022.7,
2022-09-25,22.6,20.4,25.4,2,,114,22.2,53.7,1022.3,
2022-09-26,22.6,19.4,25.5,2,,103,24.4,53.7,1023.3,
2022-09-27,22.7,20,25.6,0.5,,104,20.8,48.2,1022.6,
2022-09-28,22.5,20.9,25,1.1,,124,16.9,48.2,1020.8,
2022-09-29,21.6,17.2,24.6,3,,149,16.8,46.3,1019.8,
2022-09-30,22.1,19.7,25,0.9,,130,13.2,44.5,1019.2,
2022-10-01,22,20,25,4.9,,126,15.4,46.3,1020.7,
2022-10-02,22.7,21,25,1.3,,134,16.8,46.3,1020.6,
2022-10-03,22.2,19.4,25.4,0.3,,88,18.9,44.5,1019.4,
2022-10-04,22.7,19.9,26.3,0,,99,19,44.5,1020.3,
2022-10-05,22.8,20.2,25.6,0.4,,107,14.8,46.3,1021.6,
2022-10-06,23,21.3,25.7,1.4,,120,18.9,46.3,1021.7,
2022-10-07,22.9,20.6,25.4,3.5,,119,20.9,50,1021.7,
2022-10-08,22.9,20.9,25.5,0,,116,20.9,48.2,1022.2,
2022-10-09,22.9,21.1,25.9,2.3,,116,19.6,46.3,1022.5,
2022-10-10,22.9,21,26,0.9,,110,18.2,44.5,1022.9,
2022-10-11,22.8,21,25.2,0.9,,120,15.9,42.6,1022.2,
2022-10-12,22.8,20.7,25.4,1.2,,120,17.2,44.5,1021.3,
2022-10-13,23,21,25.5,0,,111,18.4,44.5,1021.5,
2022-10-14,23.1,21,26,1.4,,114,22,48.2,1020.8,
2022-10-15,22.6,19.2,25,0.9,,109,17.8,44.5,1019.4,
2022-10-16,22.8,20.5,25.5,2.8,,113,13.8,35.2,1019.2,
2022-10-17,22.3,19,25.4,2.9,,117,15.1,35.2,1020.6,
2022-10-18,22.9,20.4,25.3,0,,144,15.5,37,1020.8,
2022-10-19,22.8,20.8,25.7,1.8,,149,16.8,42.6,1020.3,
2022-10-20,22,18.7,25.2,2.9,,121,12.1,37,1020.3,
2022-10-21,23.2,20.6,26,2.4,,96,16.7,38.9,1021.1,
2022-10-22,24.2,22,27,2,,62,17.3,35.2,1021.4,
2022-10-23,23.6,19.4,26.7,1.8,,51,14.4,38.9,1021.5,
2022-10-24,23.6,20.7,27,1.3,,39,13.6,33.3,1019.8,
2022-10-25,23.5,19.5,26.5,0,,65,16.8,35.2,1019.7,
2022-10-26,24,22,27.2,5.6,,84,20.8,40.8,1020.9,
2022-10-27,24.3,21.7,27.1,2.6,,85,17.6,38.9,1020.6,
2022-10-28,23.9,21.2,26.9,1.7,,62,14.7,38.9,1018.1,
2022-10-29,24.3,22,27.3,0.1,,58,12.1,31.5,1017.2,
2022-10-30,24.1,20.8,27.1,0,,76,15.1,38.9,1018.5,
2022-10-31,23.5,20.1,27.6,5.8,,72,17.2,44.5,1019.8,
2022-11-01,24.1,21.4,27,1.4,,83,15.9,38.9,1020.2,
2022-11-02,24,21.6,26.6,2.9,,79,17.5,40.8,1019.6,
2022-11-03,24.3,21.5,27.1,1.6,,68,16.6,37,1018.1,
2022-11-04,24.5,21.3,28.1,0.3,,50,13.2,33.3,1018,
2022-11-05,24.1,21.6,26.7,0.5,,34,14,33.3,1019.2,
2022-11-06,24.3,20.6,27.6,1.1,,53,13.8,35.2,1020.2,
2022-11-07,24.5,21.5,27.8,3.4,,85,13.3,37,1020.1,
2022-11-08,24.5,22,27,0.4,,111,13.1,38.9,1019.9,
2022-11-09,24.6,22.6,27.2,0.5,,113,12.4,37,1018.1,
2022-11-10,24.5,21.1,27.2,0.4,,102,8.4,33.3,1017,
2022-11-11,24.6,20.7,27.7,0,,136,8.5,27.8,1016.8,
2022-11-12,24.1,21.4,26.8,0.2,,165,8.5,29.6,1016.5,
2022-11-13,23.9,20.2,27.3,0,,151,6.9,27.8,1016,
2022-11-14,21.9,20,24.2,4.4,,155,12.7,33.3,1016.3,
2022-11-15,23.7,21.8,26.7,0.6,,130,15.3,44.5,1017.1,
2022-11-16,22.9,16.3,26.6,0.4,,118,12.2,35.2,1016.3,
2022-11-17,22.7,17.7,28.2,0.1,,135,8.1,29.6,1016.1,
2022-11-18,22,15.8,27,0,,208,9.7,27.8,1016.6,
2022-11-19,22.9,17,27.4,0.1,,49,10.3,25.9,1016.4,
2022-11-20,23.9,18.9,28,0,,25,12,31.5,1015,
2022-11-21,24.9,20.4,28.9,0,,347,12.1,37,1013.5,
2022-11-22,25,20.5,29.4,1,,20,15.3,31.5,1016.2,
2022-11-23,25.4,21.9,29,2.6,,56,11.9,35.2,1019,
2022-11-24,25.9,23.2,28.9,1.3,,109,14.8,38.9,1019.7,
2022-11-25,25.9,23.7,28.6,4.5,,114,17.5,44.5,1019.6,
2022-11-26,25.1,23.1,27.6,5,,110,17.3,48.2,1018,
2022-11-27,25.2,23.2,27.9,1.2,,104,15.5,40.8,1015.1,
2022-11-28,24.4,20.6,27.8,1.7,,66,9.8,31.5,1013.6,
2022-11-29,25.5,22.4,29.2,2.3,,24,14.5,37,1013.6,
2022-11-30,25.1,21,28.3,0,,43,11.9,37,1014.5,
2022-12-01,25,20.9,28.3,0.1,,45,11.4,33.3,1014.5,
2022-12-02,24.8,21.8,27.9,0.6,,22,10.4,31.5,1013.7,
2022-12-03,24.6,19.7,28.2,0.2,,110,8.7,31.5,1013.6,
2022-12-04,25.8,22.5,28.7,0,,66,11.9,33.3,1014.7,
2022-12-05,26.4,24.2,29.3,1,,108,16.2,44.5,1016.1,
2022-12-06,26,22.5,29.1,6.7,,111,19.1,44.5,1015.9,
2022-12-07,25.8,23.4,28.8,7.5,,118,19.1,46.3,1015.5,
2022-12-08,26.1,24,28.8,20.7,,106,23.6,51.8,1016.2,
2022-12-09,26.1,24.8,28.2,6.7,,103,19.1,46.3,1015.6,
2022-12-10,25.2,23.4,27.3,5,,87,15.3,40.8,1015,
2022-12-11,25.8,23.9,28.2,2,,89,14.4,37,1016.6,
2022-12-12,26.1,23.6,28.6,1.9,,107,16.6,40.8,1017.2,
2022-12-13,26.2,23.9,28.9,3,,110,17.9,50,1017.1,
2022-12-14,26.3,23.5,29.2,5.1,,100,18.3,50,1016.6,
2022-12-15,25.7,23,29,2.8,,58,18.5,38.9,1015,
2022-12-16,26.2,24,28.6,1.2,,88,18,48.2,1014.8,
2022-12-17,26.5,23.8,29.2,5.1,,80,21.7,44.5,1014.7,
2022-12-18,26.4,24.4,28.9,0.4,,82,21.5,46.3,1014.6,
2022-12-19,26.3,24,29,0.7,,77,17,42.6,1013.5,
2022-12-20,25.9,24,29,0.7,,70,18.1,38.9,1012.5,
2022-12-21,25.9,22,29,0.1,,33,16.1,35.2,1012.3,
2022-12-22,25.7,22,29,0,,19,16.2,33.3,1011.3,
2022-12-23,25.7,21,30,0,,18,17.1,33.3,1012.2,
2022-12-24,26.6,22,30,0,,48,14.8,38.9,1013.9,
2022-12-25,26.8,25,29,2.7,,87,17.5,35.2,1015.1,
2022-12-26,26.4,23,30,5.2,,107,15.1,37,1016.4,
2022-12-27,26.7,25,30,3.6,,111,16.9,40.8,1016.9,
2022-12-28,26.4,23,29,0.8,,118,15.2,40.8,1016.5,
2022-12-29,25.9,22,29,0.2,,95,8.6,31.5,1015.7,
2022-12-30,26,22,29,0,,87,7.2,24.1,1016.7,
2022-12-31,25.3,21,30,9.8,,352,8.7,22.2,1016,
